5.51E+13,2, SLDE-ä‹¢-2, 5c:96:9d:65:76:8d,-70
5.51E+13,2, autosound, 80:ea:96:eb:1e:fc,-61
5.51E+13,2, hotspot_mike, 60:36:dd:cb:c1:4f,-55
5.51E+13,2, TUDelft-Event, 1c:aa:07:7b:39:13,-65
5.51E+13,2, eduroam, 1c:aa:07:6e:31:a0,-67
5.51E+13,2, TUDelft-Event, 1c:aa:07:b0:7a:b3,-71
5.51E+13,2, TUDelft-Event, 1c:aa:07:6e:31:a3,-67
5.51E+13,2, TUvisitor, 1c:aa:07:6e:31:a1,-67
5.51E+13,2, tudelft-dastud, 1c:aa:07:b0:7a:b2,-73
5.51E+13,2, NaoNet3, 00:0c:f6:a6:3c:e8,-72
5.51E+13,2, TUvisitor, 1c:aa:07:b0:7a:b1,-73
5.51E+13,2, TUDelft-Event, 1c:aa:07:7b:37:03,-79
5.51E+13,2, eduroam, 1c:aa:07:b0:7a:b0,-72
5.51E+13,2, RFID-AP, 00:22:f7:21:d0:38,-95
5.51E+13,2, Router_Joost, 48:f8:b3:40:f1:a9,-94
5.51E+13,2, TUDelft-Event, 1c:aa:07:b0:7c:03,-82
5.51E+13,2, eduroam, 1c:aa:07:7b:37:00,-81
5.51E+13,2, eduroam, 1c:aa:07:b0:7c:00,-82
5.51E+13,2, tudelft-dastud, 1c:aa:07:b0:7c:02,-83
5.51E+13,2, TUvisitor, 1c:aa:07:b0:7c:01,-83
5.51E+13,2, tudelft-dastud, 1c:aa:07:7b:39:12,-65
5.51E+13,2, TUDelft-Event, 24:01:c7:76:2a:33,-79
5.51E+13,2, sape, 20:c9:d0:18:43:f3,-91
5.51E+13,2, C150BRS4, 00:22:f7:20:a1:98,-99
5.51E+13,2, TUvisitor, 24:01:c7:76:2a:31,-80
5.51E+13,2, eduroam, 1c:aa:07:7b:39:10,-65
5.51E+13,2, tudelft-dastud, 1c:aa:07:6e:31:a2,-68
5.51E+13,2, TUDelft-Event, 1c:aa:07:b0:80:c3,-84
5.51E+13,2, tudelft-dastud, 1c:aa:07:b0:80:c2,-85
5.51E+13,2, TUvisitor, 1c:aa:07:7b:39:11,-65
5.51E+13,2, TUvisitor, 1c:aa:07:7b:37:01,-81
5.51E+13,2, TUvisitor, 1c:aa:07:b0:80:c1,-85
5.51E+13,2, SLDE-ä‹¢-2, 5c:96:9d:65:76:8d,-73
5.51E+13,2, autosound, 80:ea:96:eb:1e:fc,-58
5.51E+13,2, hotspot_mike, 60:36:dd:cb:c1:4f,-53
5.51E+13,2, TUDelft-Event, 1c:aa:07:7b:39:13,-65
5.51E+13,2, eduroam, 1c:aa:07:6e:31:a0,-68
5.51E+13,2, TUDelft-Event, 1c:aa:07:b0:7a:b3,-71
5.51E+13,2, TUDelft-Event, 1c:aa:07:6e:31:a3,-69
5.51E+13,2, TUvisitor, 1c:aa:07:6e:31:a1,-68
5.51E+13,2, tudelft-dastud, 1c:aa:07:b0:7a:b2,-73
5.51E+13,2, NaoNet3, 00:0c:f6:a6:3c:e8,-74
5.51E+13,2, TUvisitor, 1c:aa:07:b0:7a:b1,-70
5.51E+13,2, RFID-AP, 00:22:f7:21:d0:38,-91
5.51E+13,2, TUDelft-Event, 1c:aa:07:b0:7c:03,-77
5.51E+13,2, eduroam, 1c:aa:07:7b:37:00,-81
5.51E+13,2, eduroam, 1c:aa:07:b0:7c:00,-82
5.51E+13,2, tudelft-dastud, 1c:aa:07:b0:7c:02,-83
5.51E+13,2, TUvisitor, 1c:aa:07:b0:7c:01,-83
5.51E+13,2, tudelft-dastud, 1c:aa:07:7b:39:12,-65
5.51E+13,2, TUDelft-Event, 24:01:c7:76:2a:33,-79
5.51E+13,2, sape, 20:c9:d0:18:43:f3,-91
5.51E+13,2, eduroam, 1c:aa:07:7b:39:10,-65
5.51E+13,2, tudelft-dastud, 1c:aa:07:6e:31:a2,-70
5.51E+13,2, TUDelft-Event, 1c:aa:07:b0:80:c3,-82
5.51E+13,2, tudelft-dastud, 1c:aa:07:b0:80:c2,-85
5.51E+13,2, TUvisitor, 1c:aa:07:7b:39:11,-65
5.51E+13,2, TUvisitor, 1c:aa:07:7b:37:01,-81
5.51E+13,2, TUvisitor, 1c:aa:07:b0:80:c1,-83
5.51E+13,2, eduroam, 24:01:c7:76:2a:30,-79
5.51E+13,2, eduroam, 1c:aa:07:b0:80:c0,-83
5.52E+13,2, SLDE-ä‹¢-2, 5c:96:9d:65:76:8d,-78
5.52E+13,2, autosound, 80:ea:96:eb:1e:fc,-57
5.52E+13,2, hotspot_mike, 60:36:dd:cb:c1:4f,-54
5.52E+13,2, TUDelft-Event, 1c:aa:07:7b:39:13,-69
5.52E+13,2, eduroam, 1c:aa:07:6e:31:a0,-68
5.52E+13,2, TUDelft-Event, 1c:aa:07:b0:7a:b3,-71
5.52E+13,2, TUDelft-Event, 1c:aa:07:6e:31:a3,-68
5.52E+13,2, TUvisitor, 1c:aa:07:6e:31:a1,-68
5.52E+13,2, tudelft-dastud, 1c:aa:07:b0:7a:b2,-67
5.52E+13,2, NaoNet3, 00:0c:f6:a6:3c:e8,-67
5.52E+13,2, TUvisitor, 1c:aa:07:b0:7a:b1,-70
5.52E+13,2, RFID-AP, 00:22:f7:21:d0:38,-91
5.52E+13,2, TUDelft-Event, 1c:aa:07:b0:7c:03,-77
5.52E+13,2, eduroam, 1c:aa:07:b0:7c:00,-81
5.52E+13,2, tudelft-dastud, 1c:aa:07:7b:39:12,-70
5.52E+13,2, sape, 20:c9:d0:18:43:f3,-93
5.52E+13,2, eduroam, 1c:aa:07:7b:39:10,-70
5.52E+13,2, tudelft-dastud, 1c:aa:07:6e:31:a2,-67
5.52E+13,2, TUDelft-Event, 1c:aa:07:b0:80:c3,-82
5.52E+13,2, TUvisitor, 1c:aa:07:7b:39:11,-70
5.52E+13,2, TUvisitor, 1c:aa:07:b0:80:c1,-85
5.52E+13,2, eduroam, 24:01:c7:76:2a:30,-79
5.52E+13,2, eduroam, 1c:aa:07:b0:80:c0,-83
5.52E+13,2, TUDelft-Event, 1c:aa:07:7b:37:03,-79
5.52E+13,2, Router_Joost, 48:f8:b3:40:f1:a9,-95
5.52E+13,2, Balpol 500, 00:16:0a:18:f5:4c,-97
5.52E+13,2, SLDE-ä‹¢-2, 5c:96:9d:65:76:8d,-74
5.52E+13,2, autosound, 80:ea:96:eb:1e:fc,-65
5.52E+13,2, hotspot_mike, 60:36:dd:cb:c1:4f,-55
5.52E+13,2, TUDelft-Event, 1c:aa:07:7b:39:13,-68
5.52E+13,2, eduroam, 1c:aa:07:6e:31:a0,-67
5.52E+13,2, TUDelft-Event, 1c:aa:07:b0:7a:b3,-71
5.52E+13,2, TUDelft-Event, 1c:aa:07:6e:31:a3,-67
5.52E+13,2, TUvisitor, 1c:aa:07:6e:31:a1,-66
5.52E+13,2, tudelft-dastud, 1c:aa:07:b0:7a:b2,-67
5.52E+13,2, NaoNet3, 00:0c:f6:a6:3c:e8,-74
5.52E+13,2, TUvisitor, 1c:aa:07:b0:7a:b1,-70
5.52E+13,2, RFID-AP, 00:22:f7:21:d0:38,-91
5.52E+13,2, TUDelft-Event, 1c:aa:07:b0:7c:03,-77
5.52E+13,2, eduroam, 1c:aa:07:b0:7c:00,-81
5.52E+13,2, tudelft-dastud, 1c:aa:07:7b:39:12,-67
5.52E+13,2, sape, 20:c9:d0:18:43:f3,-94
5.52E+13,2, eduroam, 1c:aa:07:7b:39:10,-67
5.52E+13,2, tudelft-dastud, 1c:aa:07:6e:31:a2,-68
5.52E+13,2, TUDelft-Event, 1c:aa:07:b0:80:c3,-82
5.52E+13,2, TUvisitor, 1c:aa:07:7b:39:11,-68
5.52E+13,2, TUvisitor, 1c:aa:07:b0:80:c1,-85
5.52E+13,2, eduroam, 24:01:c7:76:2a:30,-79
5.52E+13,2, eduroam, 1c:aa:07:b0:80:c0,-83
5.52E+13,2, TUDelft-Event, 1c:aa:07:7b:37:03,-79
5.52E+13,2, Router_Joost, 48:f8:b3:40:f1:a9,-95
5.52E+13,2, Balpol 500, 00:16:0a:18:f5:4c,-97
5.52E+13,2, tudelft-dastud, 1c:aa:07:b0:7c:02,-81
5.52E+13,2, TUDelft-Event, 24:01:c7:76:2a:33,-82
5.52E+13,2, SLDE-ä‹¢-2, 5c:96:9d:65:76:8d,-71
5.52E+13,2, autosound, 80:ea:96:eb:1e:fc,-68
5.52E+13,2, hotspot_mike, 60:36:dd:cb:c1:4f,-57
5.52E+13,2, TUDelft-Event, 1c:aa:07:7b:39:13,-68
5.52E+13,2, eduroam, 1c:aa:07:6e:31:a0,-67
5.52E+13,2, TUDelft-Event, 1c:aa:07:b0:7a:b3,-77
5.52E+13,2, TUDelft-Event, 1c:aa:07:6e:31:a3,-68
5.52E+13,2, TUvisitor, 1c:aa:07:6e:31:a1,-68
5.52E+13,2, tudelft-dastud, 1c:aa:07:b0:7a:b2,-76
5.52E+13,2, NaoNet3, 00:0c:f6:a6:3c:e8,-76
5.52E+13,2, TUvisitor, 1c:aa:07:b0:7a:b1,-77
5.52E+13,2, RFID-AP, 00:22:f7:21:d0:38,-89
5.52E+13,2, TUDelft-Event, 1c:aa:07:b0:7c:03,-84
5.52E+13,2, eduroam, 1c:aa:07:b0:7c:00,-85
5.52E+13,2, tudelft-dastud, 1c:aa:07:7b:39:12,-67
5.52E+13,2, sape, 20:c9:d0:18:43:f3,-94
5.52E+13,2, eduroam, 1c:aa:07:7b:39:10,-67
5.52E+13,2, tudelft-dastud, 1c:aa:07:6e:31:a2,-69
5.52E+13,2, TUDelft-Event, 1c:aa:07:b0:80:c3,-83
5.52E+13,2, TUvisitor, 1c:aa:07:7b:39:11,-68
5.52E+13,2, TUDelft-Event, 1c:aa:07:7b:37:03,-77
5.52E+13,2, tudelft-dastud, 1c:aa:07:b0:7c:02,-85
5.52E+13,2, TUDelft-Event, 24:01:c7:76:2a:33,-82
5.52E+13,2, eduroam, 1c:aa:07:b0:7a:b0,-76
5.52E+13,2, mfold-linksys, 00:25:9c:ca:87:ee,-94
5.52E+13,2, TUvisitor, 24:01:c7:76:2a:31,-79
5.52E+13,2, TUvisitor, 1c:aa:07:b0:7c:01,-85
161896942996, 2, hotspot_mike, 60:36:dd:cb:c1:4f, -45
161896942996, 2, autosound, 80:ea:96:eb:1e:fc, -59
161896942996, 2, autosound, 80:ea:96:eb:1e:fd, -65
161896942996, 2, eduroam, 1c:aa:07:7b:39:10, -70
161896942996, 2, SLDE-™-2, 5c:96:9d:65:76:8d, -67
161896942996, 2, SLDE-™-2 5GHz, 5c:96:9d:65:76:8e, -73
161896942996, 2, NaoNet3, 00:0c:f6:a6:3c:e8, -71
161896942996, 2, TRIBLER, e0:3f:49:09:d9:98, -69
161896942996, 2, sape, 20:c9:d0:18:43:f3, -79
161896942996, 2, TUvisitor, 1c:aa:07:7b:39:11, -72
161896942996, 2, tudelft-dastud, 1c:aa:07:7b:39:12, -72
161896942996, 2, eduroam, 1c:aa:07:b0:7a:b0, -61
161896942996, 2, tudelft-dastud, 1c:aa:07:b0:7a:b2, -62
161896942996, 2, TUvisitor, 1c:aa:07:b0:7a:b1, -62
161896942996, 2, TRIBLER, e0:3f:49:09:d9:9c, -78
161896942996, 2, eduroam, 1c:aa:07:7b:37:00, -78
161896942996, 2, mfold-linksys, 00:25:9c:ca:87:ee, -85
161896942996, 2, TUvisitor, 1c:aa:07:b0:7a:be, -82
161896942996, 2, TUvisitor, 1c:aa:07:b0:7c:01, -79
161896942996, 2, tudelft-dastud, 1c:aa:07:b0:7c:02, -78
161896942996, 2, eduroam, 1c:aa:07:b0:7c:00, -79
161896942996, 2, tudelft-dastud, 1c:aa:07:6e:31:ad, -69
161896942996, 2, TUvisitor, 1c:aa:07:6e:31:ae, -70
161896942996, 2, eduroam, 1c:aa:07:6e:31:af, -67
161896942996, 2, tudelft-dastud, 1c:aa:07:7b:37:02, -77
161896942996, 2, SANDER, 1c:af:f7:18:0e:4a, -89
161896942996, 2, TUvisitor, 1c:aa:07:7b:39:1e, -72
161896942996, 2, TUvisitor, 1c:aa:07:7b:37:01, -78
161896942996, 2, tudelft-dastud, 1c:aa:07:6e:31:a2, -62
161896942996, 2, eduroam, 1c:aa:07:6e:31:a0, -62
161896942996, 2, eduroam, 24:01:c7:76:2a:30, -75
161896942996, 2, TUvisitor, 1c:aa:07:6e:31:a1, -63
174036372918, 2, hotspot_mike, 60:36:dd:cb:c1:4f, -42
174036372918, 2, autosound, 80:ea:96:eb:1e:fc, -59
174036372918, 2, autosound, 80:ea:96:eb:1e:fd, -65
174036372918, 2, eduroam, 1c:aa:07:7b:39:10, -63
174036372918, 2, SLDE-™-2, 5c:96:9d:65:76:8d, -62
174036372918, 2, SLDE-™-2 5GHz, 5c:96:9d:65:76:8e, -73
174036372918, 2, NaoNet3, 00:0c:f6:a6:3c:e8, -71
174036372918, 2, TRIBLER, e0:3f:49:09:d9:98, -69
174036372918, 2, sape, 20:c9:d0:18:43:f3, -79
174036372918, 2, TUvisitor, 1c:aa:07:7b:39:11, -63
174036372918, 2, tudelft-dastud, 1c:aa:07:7b:39:12, -63
174036372918, 2, TUvisitor, 1c:aa:07:b0:7a:b1, -67
174036372918, 2, TRIBLER, e0:3f:49:09:d9:9c, -78
174036372918, 2, eduroam, 1c:aa:07:7b:37:00, -77
174036372918, 2, mfold-linksys, 00:25:9c:ca:87:ee, -85
174036372918, 2, TUvisitor, 1c:aa:07:b0:7a:be, -82
174036372918, 2, tudelft-dastud, 1c:aa:07:b0:7c:02, -78
174036372918, 2, tudelft-dastud, 1c:aa:07:6e:31:ad, -69
174036372918, 2, TUvisitor, 1c:aa:07:6e:31:ae, -70
174036372918, 2, eduroam, 1c:aa:07:6e:31:af, -69
174036372918, 2, tudelft-dastud, 1c:aa:07:7b:37:02, -78
174036372918, 2, TUvisitor, 1c:aa:07:7b:39:1e, -72
174036372918, 2, TUvisitor, 1c:aa:07:7b:37:01, -77
174036372918, 2, tudelft-dastud, 1c:aa:07:6e:31:a2, -62
174036372918, 2, eduroam, 1c:aa:07:6e:31:a0, -62
174036372918, 2, eduroam, 24:01:c7:76:2a:30, -79
174036372918, 2, TUvisitor, 1c:aa:07:6e:31:a1, -63
174036372918, 2, tudelft-dastud, 24:01:c7:76:2a:32, -79
177753220837, 2, hotspot_mike, 60:36:dd:cb:c1:4f, -39
177753220837, 2, autosound, 80:ea:96:eb:1e:fc, -59
177753220837, 2, autosound, 80:ea:96:eb:1e:fd, -65
177753220837, 2, eduroam, 1c:aa:07:7b:39:10, -63
177753220837, 2, SLDE-™-2, 5c:96:9d:65:76:8d, -73
177753220837, 2, SLDE-™-2 5GHz, 5c:96:9d:65:76:8e, -73
177753220837, 2, NaoNet3, 00:0c:f6:a6:3c:e8, -71
177753220837, 2, TRIBLER, e0:3f:49:09:d9:98, -69
177753220837, 2, sape, 20:c9:d0:18:43:f3, -79
177753220837, 2, TUvisitor, 1c:aa:07:7b:39:11, -63
177753220837, 2, tudelft-dastud, 1c:aa:07:7b:39:12, -63
177753220837, 2, TUvisitor, 1c:aa:07:b0:7a:b1, -62
177753220837, 2, TRIBLER, e0:3f:49:09:d9:9c, -78
177753220837, 2, eduroam, 1c:aa:07:7b:37:00, -77
177753220837, 2, mfold-linksys, 00:25:9c:ca:87:ee, -85
177753220837, 2, TUvisitor, 1c:aa:07:b0:7a:be, -82
177753220837, 2, tudelft-dastud, 1c:aa:07:b0:7c:02, -78
177753220837, 2, eduroam, 1c:aa:07:6e:31:af, -77
177753220837, 2, tudelft-dastud, 1c:aa:07:7b:37:02, -78
177753220837, 2, TUvisitor, 1c:aa:07:7b:39:1e, -72
177753220837, 2, TUvisitor, 1c:aa:07:7b:37:01, -77
177753220837, 2, tudelft-dastud, 1c:aa:07:6e:31:a2, -62
177753220837, 2, eduroam, 1c:aa:07:6e:31:a0, -62
177753220837, 2, eduroam, 24:01:c7:76:2a:30, -79
177753220837, 2, TUvisitor, 1c:aa:07:6e:31:a1, -63
177753220837, 2, tudelft-dastud, 24:01:c7:76:2a:32, -78
177753220837, 2, tudelft-dastud, 1c:aa:07:b0:7a:b2, -61
177753220837, 2, eduroam, 1c:aa:07:b0:7a:b0, -61
179546915379, 2, hotspot_mike, 60:36:dd:cb:c1:4f, -38
179546915379, 2, autosound, 80:ea:96:eb:1e:fc, -59
179546915379, 2, autosound, 80:ea:96:eb:1e:fd, -65
179546915379, 2, eduroam, 1c:aa:07:7b:39:10, -63
179546915379, 2, SLDE-™-2, 5c:96:9d:65:76:8d, -64
179546915379, 2, SLDE-™-2 5GHz, 5c:96:9d:65:76:8e, -73
179546915379, 2, NaoNet3, 00:0c:f6:a6:3c:e8, -71
179546915379, 2, TRIBLER, e0:3f:49:09:d9:98, -69
179546915379, 2, sape, 20:c9:d0:18:43:f3, -79
179546915379, 2, TUvisitor, 1c:aa:07:7b:39:11, -63
179546915379, 2, tudelft-dastud, 1c:aa:07:7b:39:12, -63
179546915379, 2, TUvisitor, 1c:aa:07:b0:7a:b1, -57
179546915379, 2, TRIBLER, e0:3f:49:09:d9:9c, -78
179546915379, 2, eduroam, 1c:aa:07:7b:37:00, -74
179546915379, 2, mfold-linksys, 00:25:9c:ca:87:ee, -85
179546915379, 2, TUvisitor, 1c:aa:07:b0:7a:be, -82
179546915379, 2, tudelft-dastud, 1c:aa:07:b0:7c:02, -78
179546915379, 2, eduroam, 1c:aa:07:6e:31:af, -77
179546915379, 2, tudelft-dastud, 1c:aa:07:7b:37:02, -76
179546915379, 2, TUvisitor, 1c:aa:07:7b:39:1e, -72
179546915379, 2, TUvisitor, 1c:aa:07:7b:37:01, -73
179546915379, 2, tudelft-dastud, 1c:aa:07:6e:31:a2, -62
179546915379, 2, eduroam, 1c:aa:07:6e:31:a0, -62
179546915379, 2, eduroam, 24:01:c7:76:2a:30, -80
179546915379, 2, TUvisitor, 1c:aa:07:6e:31:a1, -63
179546915379, 2, tudelft-dastud, 24:01:c7:76:2a:32, -77
179546915379, 2, tudelft-dastud, 1c:aa:07:b0:7a:b2, -57
179546915379, 2, eduroam, 1c:aa:07:b0:7a:b0, -58
179546915379, 2, , 00:19:aa:76:70:00, -83
179546915379, 2, Router_Joost, 48:f8:b3:40:f1:a9, -86
179546915379, 2, TUvisitor, 24:01:c7:76:2a:31, -79
181860999880, 2, hotspot_mike, 60:36:dd:cb:c1:4f, -38
181860999880, 2, autosound, 80:ea:96:eb:1e:fc, -59
181860999880, 2, autosound, 80:ea:96:eb:1e:fd, -65
181860999880, 2, eduroam, 1c:aa:07:7b:39:10, -63
181860999880, 2, SLDE-™-2, 5c:96:9d:65:76:8d, -66
181860999880, 2, SLDE-™-2 5GHz, 5c:96:9d:65:76:8e, -73
181860999880, 2, NaoNet3, 00:0c:f6:a6:3c:e8, -71
181860999880, 2, TRIBLER, e0:3f:49:09:d9:98, -69
181860999880, 2, sape, 20:c9:d0:18:43:f3, -79
181860999880, 2, TUvisitor, 1c:aa:07:7b:39:11, -63
181860999880, 2, tudelft-dastud, 1c:aa:07:7b:39:12, -63
181860999880, 2, TUvisitor, 1c:aa:07:b0:7a:b1, -60
181860999880, 2, TRIBLER, e0:3f:49:09:d9:9c, -78
181860999880, 2, eduroam, 1c:aa:07:7b:37:00, -72
181860999880, 2, mfold-linksys, 00:25:9c:ca:87:ee, -85
181860999880, 2, TUvisitor, 1c:aa:07:b0:7a:be, -82
181860999880, 2, tudelft-dastud, 1c:aa:07:b0:7c:02, -78
181860999880, 2, eduroam, 1c:aa:07:6e:31:af, -77
181860999880, 2, tudelft-dastud, 1c:aa:07:7b:37:02, -72
181860999880, 2, TUvisitor, 1c:aa:07:7b:39:1e, -72
181860999880, 2, TUvisitor, 1c:aa:07:7b:37:01, -72
181860999880, 2, tudelft-dastud, 1c:aa:07:6e:31:a2, -62
181860999880, 2, eduroam, 1c:aa:07:6e:31:a0, -62
181860999880, 2, eduroam, 24:01:c7:76:2a:30, -80
181860999880, 2, TUvisitor, 1c:aa:07:6e:31:a1, -63
181860999880, 2, tudelft-dastud, 24:01:c7:76:2a:32, -77
181860999880, 2, tudelft-dastud, 1c:aa:07:b0:7a:b2, -60
181860999880, 2, eduroam, 1c:aa:07:b0:7a:b0, -60
181860999880, 2, , 00:19:aa:76:70:00, -83
181860999880, 2, Router_Joost, 48:f8:b3:40:f1:a9, -86
181860999880, 2, TUvisitor, 24:01:c7:76:2a:31, -79
186977341799, 2, hotspot_mike, 60:36:dd:cb:c1:4f, -44
186977341799, 2, autosound, 80:ea:96:eb:1e:fc, -48
186977341799, 2, autosound, 80:ea:96:eb:1e:fd, -68
186977341799, 2, eduroam, 1c:aa:07:7b:39:10, -67
186977341799, 2, SLDE-™-2, 5c:96:9d:65:76:8d, -62
186977341799, 2, SLDE-™-2 5GHz, 5c:96:9d:65:76:8e, -74
186977341799, 2, NaoNet3, 00:0c:f6:a6:3c:e8, -69
186977341799, 2, TRIBLER, e0:3f:49:09:d9:98, -65
186977341799, 2, sape, 20:c9:d0:18:43:f3, -79
186977341799, 2, TUvisitor, 1c:aa:07:7b:39:11, -63
186977341799, 2, tudelft-dastud, 1c:aa:07:7b:39:12, -63
186977341799, 2, TUvisitor, 1c:aa:07:b0:7a:b1, -59
186977341799, 2, TRIBLER, e0:3f:49:09:d9:9c, -76
186977341799, 2, eduroam, 1c:aa:07:7b:37:00, -72
186977341799, 2, TUvisitor, 1c:aa:07:b0:7a:be, -75
186977341799, 2, eduroam, 1c:aa:07:6e:31:af, -74
186977341799, 2, tudelft-dastud, 1c:aa:07:7b:37:02, -74
186977341799, 2, TUvisitor, 1c:aa:07:7b:39:1e, -72
186977341799, 2, TUvisitor, 1c:aa:07:7b:37:01, -72
186977341799, 2, tudelft-dastud, 1c:aa:07:6e:31:a2, -62
186977341799, 2, eduroam, 1c:aa:07:6e:31:a0, -65
186977341799, 2, eduroam, 24:01:c7:76:2a:30, -74
186977341799, 2, TUvisitor, 1c:aa:07:6e:31:a1, -63
186977341799, 2, tudelft-dastud, 24:01:c7:76:2a:32, -77
186977341799, 2, tudelft-dastud, 1c:aa:07:b0:7a:b2, -59
186977341799, 2, eduroam, 1c:aa:07:b0:7a:b0, -59
186977341799, 2, , 00:19:aa:76:70:00, -83
186977341799, 2, Router_Joost, 48:f8:b3:40:f1:a9, -86
186977341799, 2, TUvisitor, 24:01:c7:76:2a:31, -79
186977341799, 2, tudelft-dastud, 1c:aa:07:7b:39:1d, -73
186977341799, 2, tudelft-dastud, 1c:aa:07:b0:7a:bd, -75
186977341799, 2, C150BRS4, 00:22:f7:20:a1:98, -86
197205814637, 2, hotspot_mike, 60:36:dd:cb:c1:4f, -53
197205814637, 2, autosound, 80:ea:96:eb:1e:fc, -59
197205814637, 2, autosound, 80:ea:96:eb:1e:fd, -68
197205814637, 2, eduroam, 1c:aa:07:7b:39:10, -64
197205814637, 2, SLDE-™-2, 5c:96:9d:65:76:8d, -68
197205814637, 2, SLDE-™-2 5GHz, 5c:96:9d:65:76:8e, -75
197205814637, 2, NaoNet3, 00:0c:f6:a6:3c:e8, -77
197205814637, 2, TRIBLER, e0:3f:49:09:d9:98, -70
197205814637, 2, TUvisitor, 1c:aa:07:7b:39:11, -64
197205814637, 2, tudelft-dastud, 1c:aa:07:7b:39:12, -64
197205814637, 2, TUvisitor, 1c:aa:07:b0:7a:b1, -68
197205814637, 2, TRIBLER, e0:3f:49:09:d9:9c, -82
197205814637, 2, TUvisitor, 1c:aa:07:b0:7a:be, -80
197205814637, 2, eduroam, 1c:aa:07:6e:31:af, -74
197205814637, 2, tudelft-dastud, 1c:aa:07:7b:37:02, -74
197205814637, 2, TUvisitor, 1c:aa:07:7b:39:1e, -75
197205814637, 2, tudelft-dastud, 1c:aa:07:6e:31:a2, -71
197205814637, 2, eduroam, 1c:aa:07:6e:31:a0, -71
197205814637, 2, eduroam, 24:01:c7:76:2a:30, -74
197205814637, 2, TUvisitor, 1c:aa:07:6e:31:a1, -71
197205814637, 2, tudelft-dastud, 1c:aa:07:b0:7a:b2, -67
197205814637, 2, eduroam, 1c:aa:07:b0:7a:b0, -68
197205814637, 2, tudelft-dastud, 1c:aa:07:7b:39:1d, -75
197205814637, 2, tudelft-dastud, 1c:aa:07:b0:7a:bd, -81
197205814637, 2, C150BRS4, 00:22:f7:20:a1:98, -86
197205814637, 2, mfold-dlink, 00:26:5a:a9:99:46, -83
197205814637, 2, mfold-linksys, 00:25:9c:ca:87:ee, -89
197205814637, 2, TUvisitor, 1c:aa:07:6e:31:ae, -79
201976142474, 2, hotspot_mike, 60:36:dd:cb:c1:4f, -47
201976142474, 2, autosound, 80:ea:96:eb:1e:fc, -59
201976142474, 2, autosound, 80:ea:96:eb:1e:fd, -68
201976142474, 2, eduroam, 1c:aa:07:7b:39:10, -64
201976142474, 2, SLDE-™-2, 5c:96:9d:65:76:8d, -65
201976142474, 2, SLDE-™-2 5GHz, 5c:96:9d:65:76:8e, -75
201976142474, 2, NaoNet3, 00:0c:f6:a6:3c:e8, -77
201976142474, 2, TRIBLER, e0:3f:49:09:d9:98, -70
201976142474, 2, TUvisitor, 1c:aa:07:7b:39:11, -64
201976142474, 2, tudelft-dastud, 1c:aa:07:7b:39:12, -64
201976142474, 2, TUvisitor, 1c:aa:07:b0:7a:b1, -65
201976142474, 2, TRIBLER, e0:3f:49:09:d9:9c, -82
201976142474, 2, TUvisitor, 1c:aa:07:b0:7a:be, -76
201976142474, 2, tudelft-dastud, 1c:aa:07:7b:37:02, -78
201976142474, 2, TUvisitor, 1c:aa:07:7b:39:1e, -75
201976142474, 2, tudelft-dastud, 1c:aa:07:6e:31:a2, -63
201976142474, 2, eduroam, 1c:aa:07:6e:31:a0, -63
201976142474, 2, TUvisitor, 1c:aa:07:6e:31:a1, -71
201976142474, 2, tudelft-dastud, 1c:aa:07:b0:7a:b2, -64
201976142474, 2, eduroam, 1c:aa:07:b0:7a:b0, -63
201976142474, 2, tudelft-dastud, 1c:aa:07:7b:39:1d, -75
201976142474, 2, tudelft-dastud, 1c:aa:07:b0:7a:bd, -76
201976142474, 2, C150BRS4, 00:22:f7:20:a1:98, -86
201976142474, 2, mfold-dlink, 00:26:5a:a9:99:46, -83
201976142474, 2, mfold-linksys, 00:25:9c:ca:87:ee, -89
201976142474, 2, TUvisitor, 1c:aa:07:6e:31:ae, -78
201976142474, 2, eduroam, 1c:aa:07:7b:39:1f, -76
201976142474, 2, eduroam, 1c:aa:07:b0:80:c0, -76
201976142474, 2, Router_Joost, 48:f8:b3:40:f1:a9, -85
201976142474, 2, 21888038, c8:d3:a3:16:92:e6, -86
201976142474, 2, TUvisitor, 1c:aa:07:7b:37:01, -77
204829133058, 2, hotspot_mike, 60:36:dd:cb:c1:4f, -47
204829133058, 2, autosound, 80:ea:96:eb:1e:fc, -59
204829133058, 2, autosound, 80:ea:96:eb:1e:fd, -68
204829133058, 2, eduroam, 1c:aa:07:7b:39:10, -64
204829133058, 2, SLDE-™-2, 5c:96:9d:65:76:8d, -65
204829133058, 2, SLDE-™-2 5GHz, 5c:96:9d:65:76:8e, -75
204829133058, 2, NaoNet3, 00:0c:f6:a6:3c:e8, -75
204829133058, 2, TRIBLER, e0:3f:49:09:d9:98, -70
204829133058, 2, TUvisitor, 1c:aa:07:7b:39:11, -64
204829133058, 2, tudelft-dastud, 1c:aa:07:7b:39:12, -64
204829133058, 2, TUvisitor, 1c:aa:07:b0:7a:b1, -65
204829133058, 2, TRIBLER, e0:3f:49:09:d9:9c, -82
204829133058, 2, TUvisitor, 1c:aa:07:b0:7a:be, -76
204829133058, 2, tudelft-dastud, 1c:aa:07:7b:37:02, -78
204829133058, 2, TUvisitor, 1c:aa:07:7b:39:1e, -75
204829133058, 2, tudelft-dastud, 1c:aa:07:6e:31:a2, -61
204829133058, 2, eduroam, 1c:aa:07:6e:31:a0, -62
204829133058, 2, TUvisitor, 1c:aa:07:6e:31:a1, -62
204829133058, 2, tudelft-dastud, 1c:aa:07:b0:7a:b2, -64
204829133058, 2, eduroam, 1c:aa:07:b0:7a:b0, -63
204829133058, 2, tudelft-dastud, 1c:aa:07:7b:39:1d, -75
204829133058, 2, tudelft-dastud, 1c:aa:07:b0:7a:bd, -76
204829133058, 2, C150BRS4, 00:22:f7:20:a1:98, -86
204829133058, 2, mfold-dlink, 00:26:5a:a9:99:46, -83
204829133058, 2, mfold-linksys, 00:25:9c:ca:87:ee, -89
204829133058, 2, TUvisitor, 1c:aa:07:6e:31:ae, -78
204829133058, 2, eduroam, 1c:aa:07:7b:39:1f, -76
204829133058, 2, eduroam, 1c:aa:07:b0:80:c0, -76
204829133058, 2, Router_Joost, 48:f8:b3:40:f1:a9, -85
204829133058, 2, 21888038, c8:d3:a3:16:92:e6, -86
204829133058, 2, TUvisitor, 1c:aa:07:7b:37:01, -77
204829133058, 2, tudelft-dastud, 1c:aa:07:b0:80:c2, -76
204829133058, 2, TUvisitor, 1c:aa:07:b0:80:c1, -76
209780375518, 2, hotspot_mike, 60:36:dd:cb:c1:4f, -41
209780375518, 2, autosound, 80:ea:96:eb:1e:fc, -57
209780375518, 2, autosound, 80:ea:96:eb:1e:fd, -63
209780375518, 2, eduroam, 1c:aa:07:7b:39:10, -61
209780375518, 2, SLDE-™-2, 5c:96:9d:65:76:8d, -68
209780375518, 2, SLDE-™-2 5GHz, 5c:96:9d:65:76:8e, -74
209780375518, 2, NaoNet3, 00:0c:f6:a6:3c:e8, -77
209780375518, 2, TRIBLER, e0:3f:49:09:d9:98, -65
209780375518, 2, TUvisitor, 1c:aa:07:7b:39:11, -61
209780375518, 2, tudelft-dastud, 1c:aa:07:7b:39:12, -62
209780375518, 2, TUvisitor, 1c:aa:07:b0:7a:b1, -63
209780375518, 2, TRIBLER, e0:3f:49:09:d9:9c, -82
209780375518, 2, TUvisitor, 1c:aa:07:b0:7a:be, -75
209780375518, 2, tudelft-dastud, 1c:aa:07:7b:37:02, -78
209780375518, 2, TUvisitor, 1c:aa:07:7b:39:1e, -73
209780375518, 2, tudelft-dastud, 1c:aa:07:6e:31:a2, -60
209780375518, 2, eduroam, 1c:aa:07:6e:31:a0, -60
209780375518, 2, TUvisitor, 1c:aa:07:6e:31:a1, -60
209780375518, 2, tudelft-dastud, 1c:aa:07:b0:7a:b2, -64
209780375518, 2, eduroam, 1c:aa:07:b0:7a:b0, -64
209780375518, 2, tudelft-dastud, 1c:aa:07:b0:7a:bd, -76
209780375518, 2, mfold-dlink, 00:26:5a:a9:99:46, -83
209780375518, 2, mfold-linksys, 00:25:9c:ca:87:ee, -89
209780375518, 2, TUvisitor, 1c:aa:07:6e:31:ae, -78
209780375518, 2, eduroam, 1c:aa:07:7b:39:1f, -76
209780375518, 2, eduroam, 1c:aa:07:b0:80:c0, -76
209780375518, 2, Router_Joost, 48:f8:b3:40:f1:a9, -86
209780375518, 2, 21888038, c8:d3:a3:16:92:e6, -86
209780375518, 2, TUvisitor, 1c:aa:07:7b:37:01, -77
209780375518, 2, tudelft-dastud, 1c:aa:07:b0:80:c2, -76
209780375518, 2, TUvisitor, 1c:aa:07:b0:80:c1, -76
209780375518, 2, eduroam, 1c:aa:07:6e:31:af, -71
209780375518, 2, tudelft-dastud, 1c:aa:07:6e:31:ad, -72
209780375518, 2, , 00:19:aa:76:70:00, -82
209780375518, 2, sape, 20:c9:d0:18:43:f3, -85
209780375518, 2, Almost best internet EUW, e8:94:f6:d4:3c:ad, -86
214058526145, 2, hotspot_mike, 60:36:dd:cb:c1:4f, -39
214058526145, 2, autosound, 80:ea:96:eb:1e:fc, -57
214058526145, 2, autosound, 80:ea:96:eb:1e:fd, -63
214058526145, 2, eduroam, 1c:aa:07:7b:39:10, -61
214058526145, 2, SLDE-™-2, 5c:96:9d:65:76:8d, -70
214058526145, 2, SLDE-™-2 5GHz, 5c:96:9d:65:76:8e, -74
214058526145, 2, NaoNet3, 00:0c:f6:a6:3c:e8, -77
214058526145, 2, TRIBLER, e0:3f:49:09:d9:98, -65
214058526145, 2, TUvisitor, 1c:aa:07:7b:39:11, -61
214058526145, 2, tudelft-dastud, 1c:aa:07:7b:39:12, -62
214058526145, 2, TUvisitor, 1c:aa:07:b0:7a:b1, -64
214058526145, 2, TRIBLER, e0:3f:49:09:d9:9c, -82
214058526145, 2, TUvisitor, 1c:aa:07:b0:7a:be, -75
214058526145, 2, TUvisitor, 1c:aa:07:7b:39:1e, -73
214058526145, 2, tudelft-dastud, 1c:aa:07:6e:31:a2, -60
214058526145, 2, eduroam, 1c:aa:07:6e:31:a0, -61
214058526145, 2, TUvisitor, 1c:aa:07:6e:31:a1, -61
214058526145, 2, tudelft-dastud, 1c:aa:07:b0:7a:b2, -65
214058526145, 2, eduroam, 1c:aa:07:b0:7a:b0, -64
214058526145, 2, tudelft-dastud, 1c:aa:07:b0:7a:bd, -76
214058526145, 2, mfold-dlink, 00:26:5a:a9:99:46, -83
214058526145, 2, mfold-linksys, 00:25:9c:ca:87:ee, -89
214058526145, 2, Router_Joost, 48:f8:b3:40:f1:a9, -86
214058526145, 2, eduroam, 1c:aa:07:6e:31:af, -71
214058526145, 2, tudelft-dastud, 1c:aa:07:6e:31:ad, -72
214058526145, 2, , 00:19:aa:76:70:00, -82
214058526145, 2, sape, 20:c9:d0:18:43:f3, -85
214058526145, 2, Almost best internet EUW, e8:94:f6:d4:3c:ad, -86
214058526145, 2, eduroam, 1c:aa:07:b0:7a:bf, -84
214058526145, 2, TUvisitor, 24:01:c7:76:2a:31, -70
221053431440, 2, hotspot_mike, 60:36:dd:cb:c1:4f, -49
221053431440, 2, autosound, 80:ea:96:eb:1e:fc, -50
221053431440, 2, autosound, 80:ea:96:eb:1e:fd, -66
221053431440, 2, eduroam, 1c:aa:07:7b:39:10, -61
221053431440, 2, SLDE-™-2, 5c:96:9d:65:76:8d, -70
221053431440, 2, SLDE-™-2 5GHz, 5c:96:9d:65:76:8e, -81
221053431440, 2, NaoNet3, 00:0c:f6:a6:3c:e8, -77
221053431440, 2, TRIBLER, e0:3f:49:09:d9:98, -72
221053431440, 2, TUvisitor, 1c:aa:07:7b:39:11, -62
221053431440, 2, tudelft-dastud, 1c:aa:07:7b:39:12, -61
221053431440, 2, TUvisitor, 1c:aa:07:b0:7a:b1, -64
221053431440, 2, TRIBLER, e0:3f:49:09:d9:9c, -80
221053431440, 2, TUvisitor, 1c:aa:07:b0:7a:be, -79
221053431440, 2, TUvisitor, 1c:aa:07:7b:39:1e, -72
221053431440, 2, tudelft-dastud, 1c:aa:07:6e:31:a2, -61
221053431440, 2, eduroam, 1c:aa:07:6e:31:a0, -62
221053431440, 2, TUvisitor, 1c:aa:07:6e:31:a1, -62
221053431440, 2, tudelft-dastud, 1c:aa:07:b0:7a:b2, -65
221053431440, 2, tudelft-dastud, 1c:aa:07:b0:7a:bd, -79
221053431440, 2, eduroam, 1c:aa:07:6e:31:af, -64
221053431440, 2, sape, 20:c9:d0:18:43:f3, -84
221053431440, 2, Almost best internet EUW, e8:94:f6:d4:3c:ad, -86
221053431440, 2, eduroam, 1c:aa:07:b0:7a:bf, -84
221053431440, 2, TUvisitor, 24:01:c7:76:2a:31, -70
221053431440, 2, tudelft-dastud, 1c:aa:07:7b:39:1d, -72
221053431440, 2, eduroam, 1c:aa:07:7b:37:00, -70
221053431440, 2, tudelft-dastud, 1c:aa:07:7b:37:02, -71
221053431440, 2, SANDER, 1c:af:f7:18:0e:4a, -88
221053431440, 2, TUvisitor, 1c:aa:07:7b:37:01, -70
226001758359, 2, hotspot_mike, 60:36:dd:cb:c1:4f, -47
226001758359, 2, autosound, 80:ea:96:eb:1e:fc, -50
226001758359, 2, autosound, 80:ea:96:eb:1e:fd, -66
226001758359, 2, eduroam, 1c:aa:07:7b:39:10, -61
226001758359, 2, SLDE-™-2, 5c:96:9d:65:76:8d, -74
226001758359, 2, SLDE-™-2 5GHz, 5c:96:9d:65:76:8e, -81
226001758359, 2, NaoNet3, 00:0c:f6:a6:3c:e8, -77
226001758359, 2, TRIBLER, e0:3f:49:09:d9:98, -72
226001758359, 2, TUvisitor, 1c:aa:07:7b:39:11, -62
226001758359, 2, tudelft-dastud, 1c:aa:07:7b:39:12, -61
226001758359, 2, TUvisitor, 1c:aa:07:b0:7a:b1, -68
226001758359, 2, TRIBLER, e0:3f:49:09:d9:9c, -80
226001758359, 2, TUvisitor, 1c:aa:07:b0:7a:be, -79
226001758359, 2, TUvisitor, 1c:aa:07:7b:39:1e, -72
226001758359, 2, tudelft-dastud, 1c:aa:07:6e:31:a2, -61
226001758359, 2, eduroam, 1c:aa:07:6e:31:a0, -62
226001758359, 2, TUvisitor, 1c:aa:07:6e:31:a1, -62
226001758359, 2, tudelft-dastud, 1c:aa:07:b0:7a:b2, -71
226001758359, 2, tudelft-dastud, 1c:aa:07:b0:7a:bd, -79
226001758359, 2, eduroam, 1c:aa:07:6e:31:af, -64
226001758359, 2, sape, 20:c9:d0:18:43:f3, -84
226001758359, 2, Almost best internet EUW, e8:94:f6:d4:3c:ad, -86
226001758359, 2, tudelft-dastud, 1c:aa:07:7b:39:1d, -72
226001758359, 2, eduroam, 1c:aa:07:7b:37:00, -70
226001758359, 2, tudelft-dastud, 1c:aa:07:7b:37:02, -74
226001758359, 2, SANDER, 1c:af:f7:18:0e:4a, -88
226001758359, 2, TUvisitor, 1c:aa:07:7b:37:01, -74
226001758359, 2, eduroam, 1c:aa:07:b0:7a:b0, -70
226001758359, 2, tudelft-dastud, 24:01:c7:76:2a:32, -71
227736520777, 2, hotspot_mike, 60:36:dd:cb:c1:4f, -49
227736520777, 2, autosound, 80:ea:96:eb:1e:fc, -50
227736520777, 2, autosound, 80:ea:96:eb:1e:fd, -66
227736520777, 2, eduroam, 1c:aa:07:7b:39:10, -61
227736520777, 2, SLDE-™-2, 5c:96:9d:65:76:8d, -72
227736520777, 2, SLDE-™-2 5GHz, 5c:96:9d:65:76:8e, -81
227736520777, 2, NaoNet3, 00:0c:f6:a6:3c:e8, -77
227736520777, 2, TRIBLER, e0:3f:49:09:d9:98, -72
227736520777, 2, TUvisitor, 1c:aa:07:7b:39:11, -62
227736520777, 2, tudelft-dastud, 1c:aa:07:7b:39:12, -61
227736520777, 2, TUvisitor, 1c:aa:07:b0:7a:b1, -67
227736520777, 2, TRIBLER, e0:3f:49:09:d9:9c, -80
227736520777, 2, TUvisitor, 1c:aa:07:7b:39:1e, -72
227736520777, 2, tudelft-dastud, 1c:aa:07:6e:31:a2, -61
227736520777, 2, eduroam, 1c:aa:07:6e:31:a0, -62
227736520777, 2, TUvisitor, 1c:aa:07:6e:31:a1, -62
227736520777, 2, tudelft-dastud, 1c:aa:07:b0:7a:b2, -67
227736520777, 2, tudelft-dastud, 1c:aa:07:b0:7a:bd, -82
227736520777, 2, eduroam, 1c:aa:07:6e:31:af, -64
227736520777, 2, sape, 20:c9:d0:18:43:f3, -84
227736520777, 2, Almost best internet EUW, e8:94:f6:d4:3c:ad, -86
227736520777, 2, tudelft-dastud, 1c:aa:07:7b:39:1d, -72
227736520777, 2, tudelft-dastud, 1c:aa:07:7b:37:02, -74
227736520777, 2, SANDER, 1c:af:f7:18:0e:4a, -88
227736520777, 2, TUvisitor, 1c:aa:07:7b:37:01, -74
227736520777, 2, eduroam, 1c:aa:07:b0:7a:b0, -67
227736520777, 2, tudelft-dastud, 24:01:c7:76:2a:32, -75
227736520777, 2, eduroam, 24:01:c7:76:2a:30, -73
227736520777, 2, eduroam, 1c:aa:07:b0:7a:bf, -80
236571505698, 2, hotspot_mike, 60:36:dd:cb:c1:4f, -42
236571505698, 2, autosound, 80:ea:96:eb:1e:fc, -48
236571505698, 2, autosound, 80:ea:96:eb:1e:fd, -66
236571505698, 2, eduroam, 1c:aa:07:7b:39:10, -56
236571505698, 2, SLDE-™-2, 5c:96:9d:65:76:8d, -78
236571505698, 2, SLDE-™-2 5GHz, 5c:96:9d:65:76:8e, -83
236571505698, 2, TRIBLER, e0:3f:49:09:d9:98, -70
236571505698, 2, TUvisitor, 1c:aa:07:7b:39:11, -56
236571505698, 2, tudelft-dastud, 1c:aa:07:7b:39:12, -56
236571505698, 2, TUvisitor, 1c:aa:07:b0:7a:b1, -67
236571505698, 2, TRIBLER, e0:3f:49:09:d9:9c, -80
236571505698, 2, TUvisitor, 1c:aa:07:7b:39:1e, -72
236571505698, 2, tudelft-dastud, 1c:aa:07:6e:31:a2, -61
236571505698, 2, eduroam, 1c:aa:07:6e:31:a0, -61
236571505698, 2, TUvisitor, 1c:aa:07:6e:31:a1, -61
236571505698, 2, tudelft-dastud, 1c:aa:07:b0:7a:b2, -67
236571505698, 2, tudelft-dastud, 1c:aa:07:b0:7a:bd, -82
236571505698, 2, eduroam, 1c:aa:07:6e:31:af, -64
236571505698, 2, sape, 20:c9:d0:18:43:f3, -84
236571505698, 2, tudelft-dastud, 1c:aa:07:7b:39:1d, -72
236571505698, 2, tudelft-dastud, 1c:aa:07:7b:37:02, -74
236571505698, 2, SANDER, 1c:af:f7:18:0e:4a, -90
236571505698, 2, TUvisitor, 1c:aa:07:7b:37:01, -74
236571505698, 2, eduroam, 1c:aa:07:b0:7a:b0, -67
236571505698, 2, tudelft-dastud, 24:01:c7:76:2a:32, -75
236571505698, 2, eduroam, 24:01:c7:76:2a:30, -73
236571505698, 2, eduroam, 1c:aa:07:b0:7a:bf, -80
236571505698, 2, eduroam, 1c:aa:07:7b:39:1f, -73
236571505698, 2, tudelft-dastud, 1c:aa:07:b0:80:c2, -81
236571505698, 2, mfold-dlink, 00:26:5a:a9:99:46, -82
236571505698, 2, eduroam, 1c:aa:07:b0:80:c0, -82
236571505698, 2, RFID-AP, 00:22:f7:21:d0:38, -85
236571505698, 2, Its_a_TRAP, 8c:21:0a:9a:98:f8, -86
236571505698, 2, TUvisitor, 1c:aa:07:6e:31:ae, -64
238580528032, 2, hotspot_mike, 60:36:dd:cb:c1:4f, -40
238580528032, 2, autosound, 80:ea:96:eb:1e:fc, -48
238580528032, 2, autosound, 80:ea:96:eb:1e:fd, -66
238580528032, 2, eduroam, 1c:aa:07:7b:39:10, -56
238580528032, 2, SLDE-™-2, 5c:96:9d:65:76:8d, -68
238580528032, 2, SLDE-™-2 5GHz, 5c:96:9d:65:76:8e, -83
238580528032, 2, TRIBLER, e0:3f:49:09:d9:98, -70
238580528032, 2, TUvisitor, 1c:aa:07:7b:39:11, -56
238580528032, 2, tudelft-dastud, 1c:aa:07:7b:39:12, -56
238580528032, 2, TRIBLER, e0:3f:49:09:d9:9c, -80
238580528032, 2, TUvisitor, 1c:aa:07:7b:39:1e, -72
238580528032, 2, tudelft-dastud, 1c:aa:07:6e:31:a2, -61
238580528032, 2, eduroam, 1c:aa:07:6e:31:a0, -61
238580528032, 2, TUvisitor, 1c:aa:07:6e:31:a1, -61
238580528032, 2, tudelft-dastud, 1c:aa:07:b0:7a:bd, -82
238580528032, 2, eduroam, 1c:aa:07:6e:31:af, -64
238580528032, 2, sape, 20:c9:d0:18:43:f3, -84
238580528032, 2, tudelft-dastud, 1c:aa:07:7b:39:1d, -72
238580528032, 2, SANDER, 1c:af:f7:18:0e:4a, -90
238580528032, 2, tudelft-dastud, 24:01:c7:76:2a:32, -74
238580528032, 2, eduroam, 24:01:c7:76:2a:30, -73
238580528032, 2, eduroam, 1c:aa:07:b0:7a:bf, -80
238580528032, 2, eduroam, 1c:aa:07:7b:39:1f, -73
238580528032, 2, tudelft-dastud, 1c:aa:07:b0:80:c2, -81
238580528032, 2, mfold-dlink, 00:26:5a:a9:99:46, -82
238580528032, 2, eduroam, 1c:aa:07:b0:80:c0, -82
238580528032, 2, RFID-AP, 00:22:f7:21:d0:38, -85
238580528032, 2, Its_a_TRAP, 8c:21:0a:9a:98:f8, -86
238580528032, 2, TUvisitor, 1c:aa:07:6e:31:ae, -64
238580528032, 2, TUvisitor, 24:01:c7:76:2a:31, -75
252751359289, 2, hotspot_mike, 60:36:dd:cb:c1:4f, -46
252751359289, 2, autosound, 80:ea:96:eb:1e:fc, -49
252751359289, 2, autosound, 80:ea:96:eb:1e:fd, -67
252751359289, 2, eduroam, 1c:aa:07:7b:39:10, -64
252751359289, 2, SLDE-™-2, 5c:96:9d:65:76:8d, -67
252751359289, 2, SLDE-™-2 5GHz, 5c:96:9d:65:76:8e, -81
252751359289, 2, TRIBLER, e0:3f:49:09:d9:98, -72
252751359289, 2, TUvisitor, 1c:aa:07:7b:39:11, -56
252751359289, 2, tudelft-dastud, 1c:aa:07:7b:39:12, -56
252751359289, 2, tudelft-dastud, 1c:aa:07:6e:31:a2, -58
252751359289, 2, eduroam, 1c:aa:07:6e:31:a0, -57
252751359289, 2, TUvisitor, 1c:aa:07:6e:31:a1, -61
252751359289, 2, tudelft-dastud, 1c:aa:07:b0:7a:bd, -84
252751359289, 2, SANDER, 1c:af:f7:18:0e:4a, -90
252751359289, 2, tudelft-dastud, 24:01:c7:76:2a:32, -74
252751359289, 2, eduroam, 24:01:c7:76:2a:30, -73
252751359289, 2, eduroam, 1c:aa:07:b0:7a:bf, -80
252751359289, 2, eduroam, 1c:aa:07:7b:39:1f, -78
252751359289, 2, tudelft-dastud, 1c:aa:07:b0:80:c2, -81
252751359289, 2, mfold-dlink, 00:26:5a:a9:99:46, -82
252751359289, 2, eduroam, 1c:aa:07:b0:80:c0, -78
252751359289, 2, RFID-AP, 00:22:f7:21:d0:38, -85
252751359289, 2, Its_a_TRAP, 8c:21:0a:9a:98:f8, -86
252751359289, 2, TUvisitor, 1c:aa:07:6e:31:ae, -64
252751359289, 2, TUvisitor, 24:01:c7:76:2a:31, -76
252751359289, 2, tudelft-dastud, 1c:aa:07:b0:7a:b2, -68
252751359289, 2, NaoNet3, 00:0c:f6:a6:3c:e8, -73
252751359289, 2, eduroam, 1c:aa:07:b0:7c:00, -73
252751359289, 2, mfold-linksys, 00:25:9c:ca:87:ee, -84
252751359289, 2, C150BRS4, 00:22:f7:20:a1:98, -84
252751359289, 2, KVZ_Nieuwer, 64:70:02:6b:c1:82, -92
252751359289, 2, TUvisitor, 1c:aa:07:b0:7a:be, -82
262005291085, 2, hotspot_mike, 60:36:dd:cb:c1:4f, -42
262005291085, 2, autosound, 80:ea:96:eb:1e:fc, -59
262005291085, 2, autosound, 80:ea:96:eb:1e:fd, -67
262005291085, 2, eduroam, 1c:aa:07:7b:39:10, -64
262005291085, 2, SLDE-™-2, 5c:96:9d:65:76:8d, -72
262005291085, 2, SLDE-™-2 5GHz, 5c:96:9d:65:76:8e, -77
262005291085, 2, TRIBLER, e0:3f:49:09:d9:98, -56
262005291085, 2, TUvisitor, 1c:aa:07:7b:39:11, -64
262005291085, 2, tudelft-dastud, 1c:aa:07:7b:39:12, -64
262005291085, 2, tudelft-dastud, 1c:aa:07:6e:31:a2, -60
262005291085, 2, eduroam, 1c:aa:07:6e:31:a0, -61
262005291085, 2, TUvisitor, 1c:aa:07:6e:31:a1, -60
262005291085, 2, tudelft-dastud, 1c:aa:07:b0:7a:bd, -84
262005291085, 2, eduroam, 1c:aa:07:7b:39:1f, -78
262005291085, 2, mfold-dlink, 00:26:5a:a9:99:46, -85
262005291085, 2, eduroam, 1c:aa:07:b0:80:c0, -78
262005291085, 2, TUvisitor, 24:01:c7:76:2a:31, -78
262005291085, 2, tudelft-dastud, 1c:aa:07:b0:7a:b2, -61
262005291085, 2, NaoNet3, 00:0c:f6:a6:3c:e8, -72
262005291085, 2, eduroam, 1c:aa:07:b0:7c:00, -73
262005291085, 2, mfold-linksys, 00:25:9c:ca:87:ee, -84
262005291085, 2, C150BRS4, 00:22:f7:20:a1:98, -84
262005291085, 2, KVZ_Nieuwer, 64:70:02:6b:c1:82, -92
262005291085, 2, TUvisitor, 1c:aa:07:b0:7a:be, -82
262005291085, 2, eduroam, 1c:aa:07:6e:31:af, -66
262005291085, 2, eduroam, 1c:aa:07:b0:7a:b0, -66
262005291085, 2, tudelft-dastud, 1c:aa:07:7b:39:1d, -71
262005291085, 2, TRIBLER, e0:3f:49:09:d9:9c, -72
262005291085, 2, tudelft-dastud, 1c:aa:07:7b:37:02, -76
262005291085, 2, tudelft-dastud, 1c:aa:07:b0:7c:02, -77
262005291085, 2, sape, 20:c9:d0:18:43:f3, -81
262005291085, 2, TUvisitor, 1c:aa:07:b0:7a:b1, -62
262005291085, 2, TUvisitor, 1c:aa:07:7b:39:1e, -71
262005291085, 2, TUvisitor, 1c:aa:07:b0:80:c1, -75
262005291085, 2, TUvisitor, 1c:aa:07:b0:7c:01, -77
262005291085, 2, TUvisitor, 1c:aa:07:7b:37:01, -78
269623649547, 2, hotspot_mike, 60:36:dd:cb:c1:4f, -46
269623649547, 2, autosound, 80:ea:96:eb:1e:fc, -49
269623649547, 2, autosound, 80:ea:96:eb:1e:fd, -70
269623649547, 2, eduroam, 1c:aa:07:7b:39:10, -59
269623649547, 2, SLDE-™-2, 5c:96:9d:65:76:8d, -61
269623649547, 2, SLDE-™-2 5GHz, 5c:96:9d:65:76:8e, -75
269623649547, 2, TRIBLER, e0:3f:49:09:d9:98, -62
269623649547, 2, TUvisitor, 1c:aa:07:7b:39:11, -59
269623649547, 2, tudelft-dastud, 1c:aa:07:7b:39:12, -59
269623649547, 2, tudelft-dastud, 1c:aa:07:6e:31:a2, -63
269623649547, 2, eduroam, 1c:aa:07:6e:31:a0, -64
269623649547, 2, TUvisitor, 1c:aa:07:6e:31:a1, -62
269623649547, 2, mfold-dlink, 00:26:5a:a9:99:46, -81
269623649547, 2, TUvisitor, 24:01:c7:76:2a:31, -72
269623649547, 2, tudelft-dastud, 1c:aa:07:b0:7a:b2, -64
269623649547, 2, NaoNet3, 00:0c:f6:a6:3c:e8, -70
269623649547, 2, eduroam, 1c:aa:07:b0:7c:00, -75
269623649547, 2, mfold-linksys, 00:25:9c:ca:87:ee, -85
269623649547, 2, TUvisitor, 1c:aa:07:b0:7a:be, -76
269623649547, 2, eduroam, 1c:aa:07:6e:31:af, -76
269623649547, 2, eduroam, 1c:aa:07:b0:7a:b0, -64
269623649547, 2, tudelft-dastud, 1c:aa:07:7b:39:1d, -71
269623649547, 2, TRIBLER, e0:3f:49:09:d9:9c, -73
269623649547, 2, tudelft-dastud, 1c:aa:07:7b:37:02, -76
269623649547, 2, tudelft-dastud, 1c:aa:07:b0:7c:02, -77
269623649547, 2, sape, 20:c9:d0:18:43:f3, -81
269623649547, 2, TUvisitor, 1c:aa:07:b0:7a:b1, -63
269623649547, 2, TUvisitor, 1c:aa:07:7b:39:1e, -72
269623649547, 2, TUvisitor, 1c:aa:07:b0:80:c1, -75
269623649547, 2, TUvisitor, 1c:aa:07:b0:7c:01, -77
269623649547, 2, TUvisitor, 1c:aa:07:7b:37:01, -78
269623649547, 2, tudelft-dastud, 1c:aa:07:6e:31:ad, -76
269623649547, 2, eduroam, 1c:aa:07:7b:37:00, -77
281225462802, 2, hotspot_mike, 60:36:dd:cb:c1:4f, -46
281225462802, 2, autosound, 80:ea:96:eb:1e:fc, -49
281225462802, 2, autosound, 80:ea:96:eb:1e:fd, -70
281225462802, 2, eduroam, 1c:aa:07:7b:39:10, -59
281225462802, 2, SLDE-™-2, 5c:96:9d:65:76:8d, -61
281225462802, 2, SLDE-™-2 5GHz, 5c:96:9d:65:76:8e, -75
281225462802, 2, TRIBLER, e0:3f:49:09:d9:98, -62
281225462802, 2, TUvisitor, 1c:aa:07:7b:39:11, -59
281225462802, 2, tudelft-dastud, 1c:aa:07:7b:39:12, -59
281225462802, 2, tudelft-dastud, 1c:aa:07:6e:31:a2, -63
281225462802, 2, eduroam, 1c:aa:07:6e:31:a0, -64
281225462802, 2, TUvisitor, 1c:aa:07:6e:31:a1, -62
281225462802, 2, mfold-dlink, 00:26:5a:a9:99:46, -81
281225462802, 2, TUvisitor, 24:01:c7:76:2a:31, -72
281225462802, 2, tudelft-dastud, 1c:aa:07:b0:7a:b2, -64
281225462802, 2, NaoNet3, 00:0c:f6:a6:3c:e8, -70
281225462802, 2, eduroam, 1c:aa:07:b0:7c:00, -75
281225462802, 2, mfold-linksys, 00:25:9c:ca:87:ee, -85
281225462802, 2, TUvisitor, 1c:aa:07:b0:7a:be, -76
281225462802, 2, eduroam, 1c:aa:07:6e:31:af, -76
281225462802, 2, eduroam, 1c:aa:07:b0:7a:b0, -64
281225462802, 2, TRIBLER, e0:3f:49:09:d9:9c, -73
281225462802, 2, tudelft-dastud, 1c:aa:07:b0:7c:02, -77
281225462802, 2, TUvisitor, 1c:aa:07:b0:7a:b1, -63
281225462802, 2, TUvisitor, 1c:aa:07:7b:39:1e, -72
281225462802, 2, TUvisitor, 1c:aa:07:b0:7c:01, -77
281225462802, 2, tudelft-dastud, 1c:aa:07:6e:31:ad, -76
281225462802, 2, eduroam, 1c:aa:07:7b:37:00, -77
288749893056, 2, hotspot_mike, 60:36:dd:cb:c1:4f, -37
288749893056, 2, autosound, 80:ea:96:eb:1e:fc, -57
288749893056, 2, autosound, 80:ea:96:eb:1e:fd, -68
288749893056, 2, eduroam, 1c:aa:07:7b:39:10, -59
288749893056, 2, SLDE-™-2, 5c:96:9d:65:76:8d, -64
288749893056, 2, SLDE-™-2 5GHz, 5c:96:9d:65:76:8e, -78
288749893056, 2, TRIBLER, e0:3f:49:09:d9:98, -69
288749893056, 2, TUvisitor, 1c:aa:07:7b:39:11, -55
288749893056, 2, tudelft-dastud, 1c:aa:07:7b:39:12, -59
288749893056, 2, tudelft-dastud, 1c:aa:07:6e:31:a2, -59
288749893056, 2, eduroam, 1c:aa:07:6e:31:a0, -58
288749893056, 2, TUvisitor, 1c:aa:07:6e:31:a1, -60
288749893056, 2, mfold-dlink, 00:26:5a:a9:99:46, -81
288749893056, 2, TUvisitor, 24:01:c7:76:2a:31, -73
288749893056, 2, tudelft-dastud, 1c:aa:07:b0:7a:b2, -64
288749893056, 2, NaoNet3, 00:0c:f6:a6:3c:e8, -72
288749893056, 2, eduroam, 1c:aa:07:b0:7c:00, -75
288749893056, 2, mfold-linksys, 00:25:9c:ca:87:ee, -85
288749893056, 2, TUvisitor, 1c:aa:07:b0:7a:be, -77
288749893056, 2, eduroam, 1c:aa:07:6e:31:af, -76
288749893056, 2, eduroam, 1c:aa:07:b0:7a:b0, -64
288749893056, 2, TRIBLER, e0:3f:49:09:d9:9c, -75
288749893056, 2, tudelft-dastud, 1c:aa:07:b0:7c:02, -77
288749893056, 2, TUvisitor, 1c:aa:07:b0:7a:b1, -63
288749893056, 2, TUvisitor, 1c:aa:07:7b:39:1e, -75
288749893056, 2, TUvisitor, 1c:aa:07:b0:7c:01, -77
288749893056, 2, tudelft-dastud, 1c:aa:07:6e:31:ad, -78
288749893056, 2, eduroam, 1c:aa:07:7b:37:00, -77
288749893056, 2, tudelft-dastud, 1c:aa:07:7b:37:02, -72
288749893056, 2, eduroam, 24:01:c7:76:2a:30, -73
288749893056, 2, , 00:19:aa:76:70:00, -86
288749893056, 2, TUvisitor, 1c:aa:07:7b:37:01, -72
288749893056, 2, TUvisitor, 1c:aa:07:6e:31:ae, -77
296134694892, 2, hotspot_mike, 60:36:dd:cb:c1:4f, -38
296134694892, 2, autosound, 80:ea:96:eb:1e:fc, -57
296134694892, 2, autosound, 80:ea:96:eb:1e:fd, -64
296134694892, 2, eduroam, 1c:aa:07:7b:39:10, -60
296134694892, 2, SLDE-™-2, 5c:96:9d:65:76:8d, -74
296134694892, 2, SLDE-™-2 5GHz, 5c:96:9d:65:76:8e, -74
296134694892, 2, TRIBLER, e0:3f:49:09:d9:98, -72
296134694892, 2, TUvisitor, 1c:aa:07:7b:39:11, -59
296134694892, 2, tudelft-dastud, 1c:aa:07:7b:39:12, -59
296134694892, 2, tudelft-dastud, 1c:aa:07:6e:31:a2, -59
296134694892, 2, eduroam, 1c:aa:07:6e:31:a0, -58
296134694892, 2, TUvisitor, 1c:aa:07:6e:31:a1, -60
296134694892, 2, TUvisitor, 24:01:c7:76:2a:31, -73
296134694892, 2, NaoNet3, 00:0c:f6:a6:3c:e8, -67
296134694892, 2, eduroam, 1c:aa:07:b0:7c:00, -78
296134694892, 2, TUvisitor, 1c:aa:07:b0:7a:be, -77
296134694892, 2, TRIBLER, e0:3f:49:09:d9:9c, -75
296134694892, 2, tudelft-dastud, 1c:aa:07:b0:7c:02, -80
296134694892, 2, TUvisitor, 1c:aa:07:b0:7a:b1, -67
296134694892, 2, TUvisitor, 1c:aa:07:7b:39:1e, -75
296134694892, 2, TUvisitor, 1c:aa:07:b0:7c:01, -79
296134694892, 2, tudelft-dastud, 1c:aa:07:6e:31:ad, -71
296134694892, 2, tudelft-dastud, 1c:aa:07:7b:37:02, -72
296134694892, 2, eduroam, 24:01:c7:76:2a:30, -73
296134694892, 2, , 00:19:aa:76:70:00, -86
296134694892, 2, TUvisitor, 1c:aa:07:7b:37:01, -73
296134694892, 2, TUvisitor, 1c:aa:07:6e:31:ae, -70
296134694892, 2, tudelft-dastud, 24:01:c7:76:2a:32, -75
304063173480, 2, hotspot_mike, 60:36:dd:cb:c1:4f, -32
304063173480, 2, autosound, 80:ea:96:eb:1e:fc, -49
304063173480, 2, autosound, 80:ea:96:eb:1e:fd, -65
304063173480, 2, eduroam, 1c:aa:07:7b:39:10, -61
304063173480, 2, SLDE-™-2, 5c:96:9d:65:76:8d, -69
304063173480, 2, SLDE-™-2 5GHz, 5c:96:9d:65:76:8e, -74
304063173480, 2, TRIBLER, e0:3f:49:09:d9:98, -72
304063173480, 2, TUvisitor, 1c:aa:07:7b:39:11, -61
304063173480, 2, tudelft-dastud, 1c:aa:07:7b:39:12, -62
304063173480, 2, TUvisitor, 24:01:c7:76:2a:31, -73
304063173480, 2, NaoNet3, 00:0c:f6:a6:3c:e8, -67
304063173480, 2, eduroam, 1c:aa:07:b0:7c:00, -78
304063173480, 2, TRIBLER, e0:3f:49:09:d9:9c, -79
304063173480, 2, tudelft-dastud, 1c:aa:07:b0:7c:02, -80
304063173480, 2, TUvisitor, 1c:aa:07:b0:7a:b1, -64
304063173480, 2, TUvisitor, 1c:aa:07:b0:7c:01, -77
304063173480, 2, tudelft-dastud, 1c:aa:07:6e:31:ad, -77
304063173480, 2, tudelft-dastud, 1c:aa:07:7b:37:02, -78
304063173480, 2, , 00:19:aa:76:70:00, -82
304063173480, 2, TUvisitor, 1c:aa:07:7b:37:01, -73
304063173480, 2, TUvisitor, 1c:aa:07:6e:31:ae, -77
304063173480, 2, tudelft-dastud, 24:01:c7:76:2a:32, -75
304063173480, 2, eduroam, 1c:aa:07:7b:39:1f, -68
304063173480, 2, tudelft-dastud, 1c:aa:07:b0:7a:b2, -64
304063173480, 2, eduroam, 1c:aa:07:b0:7a:b0, -64
304063173480, 2, tudelft-dastud, 1c:aa:07:b0:7a:bd, -79
304063173480, 2, SANDER, 1c:af:f7:18:0e:4a, -85
304063173480, 2, mfold-dlink, 00:26:5a:a9:99:46, -85
304063173480, 2, KVZ_Nieuwer, 64:70:02:6b:c1:82, -85
304063173480, 2, mfold-linksys, 00:25:9c:ca:87:ee, -86
312157392192, 2, hotspot_mike, 60:36:dd:cb:c1:4f, -43
312157392192, 2, autosound, 80:ea:96:eb:1e:fc, -51
312157392192, 2, autosound, 80:ea:96:eb:1e:fd, -65
312157392192, 2, eduroam, 1c:aa:07:7b:39:10, -63
312157392192, 2, SLDE-™-2, 5c:96:9d:65:76:8d, -59
312157392192, 2, SLDE-™-2 5GHz, 5c:96:9d:65:76:8e, -79
312157392192, 2, TRIBLER, e0:3f:49:09:d9:98, -58
312157392192, 2, TUvisitor, 1c:aa:07:7b:39:11, -62
312157392192, 2, tudelft-dastud, 1c:aa:07:7b:39:12, -63
312157392192, 2, TUvisitor, 24:01:c7:76:2a:31, -78
312157392192, 2, NaoNet3, 00:0c:f6:a6:3c:e8, -74
312157392192, 2, TRIBLER, e0:3f:49:09:d9:9c, -78
312157392192, 2, TUvisitor, 1c:aa:07:b0:7a:b1, -56
312157392192, 2, TUvisitor, 1c:aa:07:b0:7c:01, -77
312157392192, 2, tudelft-dastud, 1c:aa:07:6e:31:ad, -71
312157392192, 2, tudelft-dastud, 1c:aa:07:7b:37:02, -78
312157392192, 2, , 00:19:aa:76:70:00, -82
312157392192, 2, TUvisitor, 1c:aa:07:6e:31:ae, -77
312157392192, 2, eduroam, 1c:aa:07:7b:39:1f, -68
312157392192, 2, tudelft-dastud, 1c:aa:07:b0:7a:b2, -56
312157392192, 2, eduroam, 1c:aa:07:b0:7a:b0, -57
312157392192, 2, tudelft-dastud, 1c:aa:07:b0:7a:bd, -78
312157392192, 2, SANDER, 1c:af:f7:18:0e:4a, -85
312157392192, 2, mfold-dlink, 00:26:5a:a9:99:46, -85
312157392192, 2, KVZ_Nieuwer, 64:70:02:6b:c1:82, -85
312157392192, 2, mfold-linksys, 00:25:9c:ca:87:ee, -85
312157392192, 2, tudelft-dastud, 1c:aa:07:6e:31:a2, -65
312157392192, 2, eduroam, 1c:aa:07:6e:31:a0, -67
312157392192, 2, eduroam, 1c:aa:07:6e:31:af, -72
312157392192, 2, tudelft-dastud, 1c:aa:07:7b:39:1d, -72
312157392192, 2, C150BRS4, 00:22:f7:20:a1:98, -81
312157392192, 2, TUvisitor, 1c:aa:07:7b:39:1e, -73
312157392192, 2, TUvisitor, 1c:aa:07:b0:7a:be, -79
312157392192, 2, ICIDU, 6c:fd:b9:4b:ea:3c, -85
320004767237, 2, hotspot_mike, 60:36:dd:cb:c1:4f, -48
320004767237, 2, autosound, 80:ea:96:eb:1e:fc, -48
320004767237, 2, eduroam, 1c:aa:07:7b:39:10, -63
320004767237, 2, SLDE-™-2, 5c:96:9d:65:76:8d, -60
320004767237, 2, SLDE-™-2 5GHz, 5c:96:9d:65:76:8e, -74
320004767237, 2, TRIBLER, e0:3f:49:09:d9:98, -67
320004767237, 2, TUvisitor, 1c:aa:07:7b:39:11, -64
320004767237, 2, tudelft-dastud, 1c:aa:07:7b:39:12, -63
320004767237, 2, TUvisitor, 24:01:c7:76:2a:31, -75
320004767237, 2, NaoNet3, 00:0c:f6:a6:3c:e8, -76
320004767237, 2, TRIBLER, e0:3f:49:09:d9:9c, -78
320004767237, 2, TUvisitor, 1c:aa:07:b0:7a:b1, -57
320004767237, 2, tudelft-dastud, 1c:aa:07:6e:31:ad, -71
320004767237, 2, tudelft-dastud, 1c:aa:07:7b:37:02, -75
320004767237, 2, TUvisitor, 1c:aa:07:6e:31:ae, -77
320004767237, 2, tudelft-dastud, 1c:aa:07:b0:7a:b2, -57
320004767237, 2, eduroam, 1c:aa:07:b0:7a:b0, -57
320004767237, 2, tudelft-dastud, 1c:aa:07:b0:7a:bd, -78
320004767237, 2, mfold-dlink, 00:26:5a:a9:99:46, -78
320004767237, 2, mfold-linksys, 00:25:9c:ca:87:ee, -85
320004767237, 2, tudelft-dastud, 1c:aa:07:6e:31:a2, -65
320004767237, 2, eduroam, 1c:aa:07:6e:31:a0, -67
320004767237, 2, eduroam, 1c:aa:07:6e:31:af, -72
320004767237, 2, tudelft-dastud, 1c:aa:07:7b:39:1d, -72
320004767237, 2, C150BRS4, 00:22:f7:20:a1:98, -81
320004767237, 2, TUvisitor, 1c:aa:07:7b:39:1e, -73
320004767237, 2, TUvisitor, 1c:aa:07:b0:7a:be, -79
320004767237, 2, ICIDU, 6c:fd:b9:4b:ea:3c, -85
320004767237, 2, eduroam, 1c:aa:07:7b:37:00, -75
320004767237, 2, sape, 20:c9:d0:18:43:f3, -82
320004767237, 2, NoEraPenal, 00:0c:f6:9d:66:a4, -88
320004767237, 2, TUvisitor, 1c:aa:07:7b:37:01, -75
320004767237, 2, TUvisitor, 1c:aa:07:b0:80:c1, -77
327948923700, 2, hotspot_mike, 60:36:dd:cb:c1:4f, -47
327948923700, 2, autosound, 80:ea:96:eb:1e:fc, -57
327948923700, 2, SLDE-™-2, 5c:96:9d:65:76:8d, -58
327948923700, 2, SLDE-™-2 5GHz, 5c:96:9d:65:76:8e, -73
327948923700, 2, TRIBLER, e0:3f:49:09:d9:98, -64
327948923700, 2, TUvisitor, 1c:aa:07:7b:39:11, -64
327948923700, 2, TUvisitor, 24:01:c7:76:2a:31, -75
327948923700, 2, NaoNet3, 00:0c:f6:a6:3c:e8, -71
327948923700, 2, TUvisitor, 1c:aa:07:b0:7a:b1, -56
327948923700, 2, tudelft-dastud, 1c:aa:07:7b:37:02, -75
327948923700, 2, TUvisitor, 1c:aa:07:6e:31:ae, -77
327948923700, 2, tudelft-dastud, 1c:aa:07:b0:7a:b2, -57
327948923700, 2, eduroam, 1c:aa:07:b0:7a:b0, -57
327948923700, 2, tudelft-dastud, 1c:aa:07:b0:7a:bd, -75
327948923700, 2, mfold-dlink, 00:26:5a:a9:99:46, -74
327948923700, 2, mfold-linksys, 00:25:9c:ca:87:ee, -86
327948923700, 2, tudelft-dastud, 1c:aa:07:7b:39:1d, -71
327948923700, 2, TUvisitor, 1c:aa:07:b0:7a:be, -76
327948923700, 2, eduroam, 1c:aa:07:7b:37:00, -78
327948923700, 2, sape, 20:c9:d0:18:43:f3, -78
327948923700, 2, NoEraPenal, 00:0c:f6:9d:66:a4, -88
327948923700, 2, TUvisitor, 1c:aa:07:7b:37:01, -77
327948923700, 2, TUvisitor, 1c:aa:07:b0:80:c1, -74
327948923700, 2, autosound, 80:ea:96:eb:1e:fd, -68
327948923700, 2, eduroam, 1c:aa:07:7b:39:1f, -71
327948923700, 2, tudelft-dastud, 1c:aa:07:b0:80:c2, -74
327948923700, 2, KVZ_Nieuwer, 64:70:02:6b:c1:82, -91
335854747536, 2, hotspot_mike, 60:36:dd:cb:c1:4f, -42
335854747536, 2, autosound, 80:ea:96:eb:1e:fc, -48
335854747536, 2, SLDE-™-2, 5c:96:9d:65:76:8d, -66
335854747536, 2, SLDE-™-2 5GHz, 5c:96:9d:65:76:8e, -74
335854747536, 2, TRIBLER, e0:3f:49:09:d9:98, -69
335854747536, 2, TUvisitor, 1c:aa:07:7b:39:11, -60
335854747536, 2, TUvisitor, 24:01:c7:76:2a:31, -74
335854747536, 2, NaoNet3, 00:0c:f6:a6:3c:e8, -71
335854747536, 2, TUvisitor, 1c:aa:07:b0:7a:b1, -64
335854747536, 2, tudelft-dastud, 1c:aa:07:7b:37:02, -76
335854747536, 2, tudelft-dastud, 1c:aa:07:b0:7a:b2, -64
335854747536, 2, eduroam, 1c:aa:07:b0:7a:b0, -57
335854747536, 2, tudelft-dastud, 1c:aa:07:b0:7a:bd, -75
335854747536, 2, mfold-dlink, 00:26:5a:a9:99:46, -74
335854747536, 2, mfold-linksys, 00:25:9c:ca:87:ee, -86
335854747536, 2, tudelft-dastud, 1c:aa:07:7b:39:1d, -71
335854747536, 2, TUvisitor, 1c:aa:07:b0:7a:be, -79
335854747536, 2, eduroam, 1c:aa:07:7b:37:00, -76
335854747536, 2, sape, 20:c9:d0:18:43:f3, -81
335854747536, 2, TUvisitor, 1c:aa:07:7b:37:01, -75
335854747536, 2, TUvisitor, 1c:aa:07:b0:80:c1, -73
335854747536, 2, autosound, 80:ea:96:eb:1e:fd, -69
335854747536, 2, eduroam, 1c:aa:07:7b:39:1f, -71
335854747536, 2, tudelft-dastud, 1c:aa:07:b0:80:c2, -74
335854747536, 2, KVZ_Nieuwer, 64:70:02:6b:c1:82, -91
335854747536, 2, eduroam, 1c:aa:07:7b:39:10, -58
335854747536, 2, tudelft-dastud, 1c:aa:07:7b:39:12, -59
335854747536, 2, eduroam, 1c:aa:07:6e:31:af, -78
335854747536, 2, eduroam, 1c:aa:07:b0:80:c0, -74
335854747536, 2, eduroam, 24:01:c7:76:2a:30, -79
335854747536, 2, Router_Joost, 48:f8:b3:40:f1:a9, -84
335854747536, 2, TUvisitor, 1c:aa:07:7b:39:1e, -70
343357214165, 2, hotspot_mike, 60:36:dd:cb:c1:4f, -43
343357214165, 2, autosound, 80:ea:96:eb:1e:fc, -46
343357214165, 2, SLDE-™-2, 5c:96:9d:65:76:8d, -63
343357214165, 2, SLDE-™-2 5GHz, 5c:96:9d:65:76:8e, -79
343357214165, 2, TRIBLER, e0:3f:49:09:d9:98, -66
343357214165, 2, TUvisitor, 1c:aa:07:7b:39:11, -60
343357214165, 2, TUvisitor, 24:01:c7:76:2a:31, -71
343357214165, 2, NaoNet3, 00:0c:f6:a6:3c:e8, -73
343357214165, 2, TUvisitor, 1c:aa:07:b0:7a:b1, -60
343357214165, 2, tudelft-dastud, 1c:aa:07:7b:37:02, -76
343357214165, 2, tudelft-dastud, 1c:aa:07:b0:7a:b2, -64
343357214165, 2, mfold-dlink, 00:26:5a:a9:99:46, -81
343357214165, 2, mfold-linksys, 00:25:9c:ca:87:ee, -83
343357214165, 2, TUvisitor, 1c:aa:07:b0:7a:be, -79
343357214165, 2, eduroam, 1c:aa:07:7b:37:00, -76
343357214165, 2, sape, 20:c9:d0:18:43:f3, -86
343357214165, 2, TUvisitor, 1c:aa:07:7b:37:01, -75
343357214165, 2, TUvisitor, 1c:aa:07:b0:80:c1, -78
343357214165, 2, autosound, 80:ea:96:eb:1e:fd, -64
343357214165, 2, eduroam, 1c:aa:07:7b:39:1f, -74
343357214165, 2, tudelft-dastud, 1c:aa:07:b0:80:c2, -77
343357214165, 2, eduroam, 1c:aa:07:7b:39:10, -59
343357214165, 2, tudelft-dastud, 1c:aa:07:7b:39:12, -59
343357214165, 2, eduroam, 1c:aa:07:6e:31:af, -78
343357214165, 2, eduroam, 1c:aa:07:b0:80:c0, -74
343357214165, 2, eduroam, 24:01:c7:76:2a:30, -74
343357214165, 2, Router_Joost, 48:f8:b3:40:f1:a9, -84
343357214165, 2, TUvisitor, 1c:aa:07:7b:39:1e, -70
343357214165, 2, , 00:19:aa:76:70:00, -82
343357214165, 2, TUvisitor, 1c:aa:07:6e:31:ae, -72
343357214165, 2, 7inova_003138, 04:84:8a:00:31:38, -86
351040605711, 2, hotspot_mike, 60:36:dd:cb:c1:4f, -48
351040605711, 2, autosound, 80:ea:96:eb:1e:fc, -55
351040605711, 2, SLDE-™-2, 5c:96:9d:65:76:8d, -66
351040605711, 2, SLDE-™-2 5GHz, 5c:96:9d:65:76:8e, -70
351040605711, 2, TRIBLER, e0:3f:49:09:d9:98, -61
351040605711, 2, TUvisitor, 1c:aa:07:7b:39:11, -63
351040605711, 2, TUvisitor, 24:01:c7:76:2a:31, -72
351040605711, 2, NaoNet3, 00:0c:f6:a6:3c:e8, -79
351040605711, 2, TUvisitor, 1c:aa:07:b0:7a:b1, -63
351040605711, 2, tudelft-dastud, 1c:aa:07:7b:37:02, -73
351040605711, 2, tudelft-dastud, 1c:aa:07:b0:7a:b2, -64
351040605711, 2, mfold-dlink, 00:26:5a:a9:99:46, -81
351040605711, 2, mfold-linksys, 00:25:9c:ca:87:ee, -83
351040605711, 2, eduroam, 1c:aa:07:7b:37:00, -73
351040605711, 2, sape, 20:c9:d0:18:43:f3, -86
351040605711, 2, TUvisitor, 1c:aa:07:7b:37:01, -73
351040605711, 2, TUvisitor, 1c:aa:07:b0:80:c1, -75
351040605711, 2, autosound, 80:ea:96:eb:1e:fd, -65
351040605711, 2, eduroam, 1c:aa:07:7b:39:1f, -74
351040605711, 2, tudelft-dastud, 1c:aa:07:b0:80:c2, -74
351040605711, 2, eduroam, 1c:aa:07:7b:39:10, -59
351040605711, 2, tudelft-dastud, 1c:aa:07:7b:39:12, -59
351040605711, 2, eduroam, 24:01:c7:76:2a:30, -74
351040605711, 2, TUvisitor, 1c:aa:07:7b:39:1e, -79
351040605711, 2, , 00:19:aa:76:70:00, -84
351040605711, 2, TUvisitor, 1c:aa:07:6e:31:ae, -72
351040605711, 2, 7inova_003138, 04:84:8a:00:31:38, -86
351040605711, 2, eduroam, 1c:aa:07:6e:31:a0, -61
351040605711, 2, tudelft-dastud, 1c:aa:07:6e:31:a2, -62
351040605711, 2, eduroam, 1c:aa:07:b0:7a:b0, -64
351040605711, 2, tudelft-dastud, 1c:aa:07:6e:31:ad, -75
351040605711, 2, TRIBLER, e0:3f:49:09:d9:9c, -78
351040605711, 2, C150BRS4, 00:22:f7:20:a1:98, -85
351040605711, 2, KVZ_Nieuwer, 64:70:02:6b:c1:82, -88
351040605711, 2, Almost best internet EUW, e8:94:f6:d4:3c:ad, -89
351040605711, 2, TUvisitor, 1c:aa:07:6e:31:a1, -63
358554448797, 2, hotspot_mike, 60:36:dd:cb:c1:4f, -44
358554448797, 2, autosound, 80:ea:96:eb:1e:fc, -54
358554448797, 2, SLDE-™-2, 5c:96:9d:65:76:8d, -59
358554448797, 2, SLDE-™-2 5GHz, 5c:96:9d:65:76:8e, -73
358554448797, 2, TRIBLER, e0:3f:49:09:d9:98, -69
358554448797, 2, TUvisitor, 1c:aa:07:7b:39:11, -65
358554448797, 2, TUvisitor, 24:01:c7:76:2a:31, -75
358554448797, 2, NaoNet3, 00:0c:f6:a6:3c:e8, -79
358554448797, 2, TUvisitor, 1c:aa:07:b0:7a:b1, -63
358554448797, 2, tudelft-dastud, 1c:aa:07:7b:37:02, -73
358554448797, 2, tudelft-dastud, 1c:aa:07:b0:7a:b2, -64
358554448797, 2, mfold-linksys, 00:25:9c:ca:87:ee, -82
358554448797, 2, eduroam, 1c:aa:07:7b:37:00, -74
358554448797, 2, sape, 20:c9:d0:18:43:f3, -81
358554448797, 2, TUvisitor, 1c:aa:07:7b:37:01, -75
358554448797, 2, TUvisitor, 1c:aa:07:b0:80:c1, -79
358554448797, 2, autosound, 80:ea:96:eb:1e:fd, -65
358554448797, 2, tudelft-dastud, 1c:aa:07:b0:80:c2, -79
358554448797, 2, eduroam, 1c:aa:07:7b:39:10, -65
358554448797, 2, tudelft-dastud, 1c:aa:07:7b:39:12, -65
358554448797, 2, TUvisitor, 1c:aa:07:7b:39:1e, -79
358554448797, 2, , 00:19:aa:76:70:00, -84
358554448797, 2, TUvisitor, 1c:aa:07:6e:31:ae, -74
358554448797, 2, eduroam, 1c:aa:07:6e:31:a0, -67
358554448797, 2, tudelft-dastud, 1c:aa:07:6e:31:a2, -67
358554448797, 2, eduroam, 1c:aa:07:b0:7a:b0, -64
358554448797, 2, tudelft-dastud, 1c:aa:07:6e:31:ad, -74
358554448797, 2, TRIBLER, e0:3f:49:09:d9:9c, -76
358554448797, 2, C150BRS4, 00:22:f7:20:a1:98, -88
358554448797, 2, KVZ_Nieuwer, 64:70:02:6b:c1:82, -88
358554448797, 2, Almost best internet EUW, e8:94:f6:d4:3c:ad, -89
358554448797, 2, TUvisitor, 1c:aa:07:6e:31:a1, -67
358554448797, 2, SANDER, 1c:af:f7:18:0e:4a, -86
358554448797, 2, Router_Joost, 48:f8:b3:40:f1:a9, -86
366259659509, 2, hotspot_mike, 60:36:dd:cb:c1:4f, -46
366259659509, 2, autosound, 80:ea:96:eb:1e:fc, -55
366259659509, 2, SLDE-™-2, 5c:96:9d:65:76:8d, -62
366259659509, 2, SLDE-™-2 5GHz, 5c:96:9d:65:76:8e, -75
366259659509, 2, TRIBLER, e0:3f:49:09:d9:98, -66
366259659509, 2, TUvisitor, 1c:aa:07:7b:39:11, -73
366259659509, 2, TUvisitor, 24:01:c7:76:2a:31, -76
366259659509, 2, NaoNet3, 00:0c:f6:a6:3c:e8, -77
366259659509, 2, tudelft-dastud, 1c:aa:07:7b:37:02, -79
366259659509, 2, mfold-linksys, 00:25:9c:ca:87:ee, -82
366259659509, 2, eduroam, 1c:aa:07:7b:37:00, -74
366259659509, 2, sape, 20:c9:d0:18:43:f3, -79
366259659509, 2, TUvisitor, 1c:aa:07:7b:37:01, -80
366259659509, 2, TUvisitor, 1c:aa:07:b0:80:c1, -77
366259659509, 2, autosound, 80:ea:96:eb:1e:fd, -61
366259659509, 2, tudelft-dastud, 1c:aa:07:b0:80:c2, -77
366259659509, 2, eduroam, 1c:aa:07:7b:39:10, -72
366259659509, 2, tudelft-dastud, 1c:aa:07:7b:39:12, -71
366259659509, 2, TUvisitor, 1c:aa:07:6e:31:ae, -74
366259659509, 2, eduroam, 1c:aa:07:6e:31:a0, -65
366259659509, 2, tudelft-dastud, 1c:aa:07:6e:31:a2, -66
366259659509, 2, tudelft-dastud, 1c:aa:07:6e:31:ad, -74
366259659509, 2, TRIBLER, e0:3f:49:09:d9:9c, -78
366259659509, 2, C150BRS4, 00:22:f7:20:a1:98, -88
366259659509, 2, TUvisitor, 1c:aa:07:6e:31:a1, -66
366259659509, 2, SANDER, 1c:af:f7:18:0e:4a, -86
366259659509, 2, Router_Joost, 48:f8:b3:40:f1:a9, -89
366259659509, 2, tudelft-dastud, 1c:aa:07:7b:39:1d, -74
366259659509, 2, eduroam, 1c:aa:07:7b:39:1f, -74
366259659509, 2, eduroam, 1c:aa:07:b0:80:c0, -77
366259659509, 2, RFID-AP, 00:22:f7:21:d0:38, -84
379959449474, 2, hotspot_mike, 60:36:dd:cb:c1:4f, -41
379959449474, 2, autosound, 80:ea:96:eb:1e:fc, -49
379959449474, 2, SLDE-™-2, 5c:96:9d:65:76:8d, -58
379959449474, 2, SLDE-™-2 5GHz, 5c:96:9d:65:76:8e, -72
379959449474, 2, TRIBLER, e0:3f:49:09:d9:98, -63
379959449474, 2, TUvisitor, 1c:aa:07:7b:39:11, -73
379959449474, 2, TUvisitor, 24:01:c7:76:2a:31, -72
379959449474, 2, NaoNet3, 00:0c:f6:a6:3c:e8, -70
379959449474, 2, tudelft-dastud, 1c:aa:07:7b:37:02, -79
379959449474, 2, mfold-linksys, 00:25:9c:ca:87:ee, -82
379959449474, 2, eduroam, 1c:aa:07:7b:37:00, -78
379959449474, 2, sape, 20:c9:d0:18:43:f3, -83
379959449474, 2, TUvisitor, 1c:aa:07:7b:37:01, -80
379959449474, 2, TUvisitor, 1c:aa:07:b0:80:c1, -73
379959449474, 2, autosound, 80:ea:96:eb:1e:fd, -63
379959449474, 2, tudelft-dastud, 1c:aa:07:b0:80:c2, -77
379959449474, 2, eduroam, 1c:aa:07:7b:39:10, -58
379959449474, 2, tudelft-dastud, 1c:aa:07:7b:39:12, -71
379959449474, 2, eduroam, 1c:aa:07:6e:31:a0, -62
379959449474, 2, tudelft-dastud, 1c:aa:07:6e:31:a2, -62
379959449474, 2, tudelft-dastud, 1c:aa:07:6e:31:ad, -70
379959449474, 2, TRIBLER, e0:3f:49:09:d9:9c, -78
379959449474, 2, TUvisitor, 1c:aa:07:6e:31:a1, -66
379959449474, 2, SANDER, 1c:af:f7:18:0e:4a, -84
379959449474, 2, Router_Joost, 48:f8:b3:40:f1:a9, -89
379959449474, 2, tudelft-dastud, 1c:aa:07:7b:39:1d, -76
379959449474, 2, eduroam, 1c:aa:07:7b:39:1f, -74
379959449474, 2, eduroam, 1c:aa:07:b0:80:c0, -77
379959449474, 2, RFID-AP, 00:22:f7:21:d0:38, -84
379959449474, 2, tudelft-dastud, 1c:aa:07:b0:7a:b2, -55
379959449474, 2, eduroam, 1c:aa:07:b0:7a:b0, -56
379959449474, 2, mfold-dlink, 00:26:5a:a9:99:46, -77
379959449474, 2, eduroam, 1c:aa:07:b0:7c:0f, -82
379959449474, 2, , 00:19:aa:76:70:00, -81
379959449474, 2, TUvisitor, 1c:aa:07:b0:7a:b1, -56
379959449474, 2, TUvisitor, 1c:aa:07:7b:39:1e, -74
386467591102, 2, hotspot_mike, 60:36:dd:cb:c1:4f, -44
386467591102, 2, autosound, 80:ea:96:eb:1e:fc, -46
386467591102, 2, SLDE-™-2, 5c:96:9d:65:76:8d, -73
386467591102, 2, SLDE-™-2 5GHz, 5c:96:9d:65:76:8e, -73
386467591102, 2, TRIBLER, e0:3f:49:09:d9:98, -71
386467591102, 2, TUvisitor, 1c:aa:07:7b:39:11, -61
386467591102, 2, TUvisitor, 24:01:c7:76:2a:31, -73
386467591102, 2, NaoNet3, 00:0c:f6:a6:3c:e8, -73
386467591102, 2, tudelft-dastud, 1c:aa:07:7b:37:02, -76
386467591102, 2, mfold-linksys, 00:25:9c:ca:87:ee, -81
386467591102, 2, eduroam, 1c:aa:07:7b:37:00, -78
386467591102, 2, sape, 20:c9:d0:18:43:f3, -86
386467591102, 2, TUvisitor, 1c:aa:07:b0:80:c1, -76
386467591102, 2, autosound, 80:ea:96:eb:1e:fd, -64
386467591102, 2, eduroam, 1c:aa:07:7b:39:10, -58
386467591102, 2, tudelft-dastud, 1c:aa:07:7b:39:12, -60
386467591102, 2, eduroam, 1c:aa:07:6e:31:a0, -59
386467591102, 2, tudelft-dastud, 1c:aa:07:6e:31:a2, -59
386467591102, 2, tudelft-dastud, 1c:aa:07:6e:31:ad, -70
386467591102, 2, TRIBLER, e0:3f:49:09:d9:9c, -75
386467591102, 2, TUvisitor, 1c:aa:07:6e:31:a1, -59
386467591102, 2, SANDER, 1c:af:f7:18:0e:4a, -88
386467591102, 2, Router_Joost, 48:f8:b3:40:f1:a9, -89
386467591102, 2, tudelft-dastud, 1c:aa:07:7b:39:1d, -78
386467591102, 2, tudelft-dastud, 1c:aa:07:b0:7a:b2, -55
386467591102, 2, eduroam, 1c:aa:07:b0:7a:b0, -61
386467591102, 2, mfold-dlink, 00:26:5a:a9:99:46, -77
386467591102, 2, eduroam, 1c:aa:07:b0:7c:0f, -82
386467591102, 2, , 00:19:aa:76:70:00, -81
386467591102, 2, TUvisitor, 1c:aa:07:b0:7a:b1, -60
386467591102, 2, TUvisitor, 1c:aa:07:7b:39:1e, -80
386467591102, 2, eduroam, 1c:aa:07:6e:31:af, -75
386467591102, 2, eduroam, 1c:aa:07:b0:7a:bf, -78
386467591102, 2, eduroam, 24:01:c7:76:2a:30, -75
386467591102, 2, NoEraPenal, 00:0c:f6:9d:66:a4, -83
386467591102, 2, Cindy, e4:d3:32:75:5c:ae, -85
386467591102, 2, Its_a_TRAP, 8c:21:0a:9a:98:f8, -86
394807441273, 2, hotspot_mike, 60:36:dd:cb:c1:4f, -44
394807441273, 2, autosound, 80:ea:96:eb:1e:fc, -49
394807441273, 2, SLDE-™-2, 5c:96:9d:65:76:8d, -61
394807441273, 2, SLDE-™-2 5GHz, 5c:96:9d:65:76:8e, -79
394807441273, 2, TRIBLER, e0:3f:49:09:d9:98, -61
394807441273, 2, TUvisitor, 1c:aa:07:7b:39:11, -61
394807441273, 2, TUvisitor, 24:01:c7:76:2a:31, -75
394807441273, 2, NaoNet3, 00:0c:f6:a6:3c:e8, -70
394807441273, 2, tudelft-dastud, 1c:aa:07:7b:37:02, -76
394807441273, 2, mfold-linksys, 00:25:9c:ca:87:ee, -81
394807441273, 2, sape, 20:c9:d0:18:43:f3, -86
394807441273, 2, TUvisitor, 1c:aa:07:b0:80:c1, -76
394807441273, 2, autosound, 80:ea:96:eb:1e:fd, -65
394807441273, 2, eduroam, 1c:aa:07:7b:39:10, -61
394807441273, 2, tudelft-dastud, 1c:aa:07:7b:39:12, -61
394807441273, 2, eduroam, 1c:aa:07:6e:31:a0, -60
394807441273, 2, tudelft-dastud, 1c:aa:07:6e:31:a2, -60
394807441273, 2, tudelft-dastud, 1c:aa:07:6e:31:ad, -72
394807441273, 2, TRIBLER, e0:3f:49:09:d9:9c, -77
394807441273, 2, TUvisitor, 1c:aa:07:6e:31:a1, -61
394807441273, 2, SANDER, 1c:af:f7:18:0e:4a, -88
394807441273, 2, Router_Joost, 48:f8:b3:40:f1:a9, -86
394807441273, 2, tudelft-dastud, 1c:aa:07:7b:39:1d, -75
394807441273, 2, tudelft-dastud, 1c:aa:07:b0:7a:b2, -71
394807441273, 2, eduroam, 1c:aa:07:b0:7a:b0, -71
394807441273, 2, , 00:19:aa:76:70:00, -80
394807441273, 2, TUvisitor, 1c:aa:07:b0:7a:b1, -70
394807441273, 2, TUvisitor, 1c:aa:07:7b:39:1e, -77
394807441273, 2, eduroam, 1c:aa:07:6e:31:af, -73
394807441273, 2, eduroam, 1c:aa:07:b0:7a:bf, -78
394807441273, 2, eduroam, 24:01:c7:76:2a:30, -75
394807441273, 2, NoEraPenal, 00:0c:f6:9d:66:a4, -83
394807441273, 2, Cindy, e4:d3:32:75:5c:ae, -85
394807441273, 2, Its_a_TRAP, 8c:21:0a:9a:98:f8, -91
394807441273, 2, TUvisitor, 1c:aa:07:b0:7a:be, -74
394807441273, 2, TUvisitor, 1c:aa:07:7b:37:01, -74
402070802652, 2, hotspot_mike, 60:36:dd:cb:c1:4f, -40
402070802652, 2, autosound, 80:ea:96:eb:1e:fc, -59
402070802652, 2, SLDE-™-2, 5c:96:9d:65:76:8d, -66
402070802652, 2, SLDE-™-2 5GHz, 5c:96:9d:65:76:8e, -75
402070802652, 2, TRIBLER, e0:3f:49:09:d9:98, -66
402070802652, 2, TUvisitor, 1c:aa:07:7b:39:11, -64
402070802652, 2, TUvisitor, 24:01:c7:76:2a:31, -71
402070802652, 2, NaoNet3, 00:0c:f6:a6:3c:e8, -70
402070802652, 2, tudelft-dastud, 1c:aa:07:7b:37:02, -75
402070802652, 2, sape, 20:c9:d0:18:43:f3, -85
402070802652, 2, autosound, 80:ea:96:eb:1e:fd, -65
402070802652, 2, eduroam, 1c:aa:07:7b:39:10, -64
402070802652, 2, tudelft-dastud, 1c:aa:07:7b:39:12, -64
402070802652, 2, eduroam, 1c:aa:07:6e:31:a0, -60
402070802652, 2, tudelft-dastud, 1c:aa:07:6e:31:a2, -60
402070802652, 2, tudelft-dastud, 1c:aa:07:6e:31:ad, -72
402070802652, 2, TRIBLER, e0:3f:49:09:d9:9c, -76
402070802652, 2, TUvisitor, 1c:aa:07:6e:31:a1, -61
402070802652, 2, SANDER, 1c:af:f7:18:0e:4a, -84
402070802652, 2, Router_Joost, 48:f8:b3:40:f1:a9, -86
402070802652, 2, tudelft-dastud, 1c:aa:07:7b:39:1d, -75
402070802652, 2, tudelft-dastud, 1c:aa:07:b0:7a:b2, -71
402070802652, 2, eduroam, 1c:aa:07:b0:7a:b0, -71
402070802652, 2, , 00:19:aa:76:70:00, -80
402070802652, 2, TUvisitor, 1c:aa:07:b0:7a:b1, -70
402070802652, 2, TUvisitor, 1c:aa:07:7b:39:1e, -77
402070802652, 2, eduroam, 1c:aa:07:6e:31:af, -73
402070802652, 2, Cindy, e4:d3:32:75:5c:ae, -89
402070802652, 2, Its_a_TRAP, 8c:21:0a:9a:98:f8, -90
402070802652, 2, TUvisitor, 1c:aa:07:b0:7a:be, -74
402070802652, 2, TUvisitor, 1c:aa:07:7b:37:01, -74
402070802652, 2, eduroam, 1c:aa:07:7b:39:1f, -70
402070802652, 2, tudelft-dastud, 24:01:c7:76:2a:32, -71
402070802652, 2, TUvisitor, 1c:aa:07:6e:31:ae, -69
409265465196, 2, hotspot_mike, 60:36:dd:cb:c1:4f, -45
409265465196, 2, autosound, 80:ea:96:eb:1e:fc, -44
409265465196, 2, SLDE-™-2, 5c:96:9d:65:76:8d, -70
409265465196, 2, SLDE-™-2 5GHz, 5c:96:9d:65:76:8e, -80
409265465196, 2, TRIBLER, e0:3f:49:09:d9:98, -72
409265465196, 2, TUvisitor, 1c:aa:07:7b:39:11, -64
409265465196, 2, TUvisitor, 24:01:c7:76:2a:31, -71
409265465196, 2, NaoNet3, 00:0c:f6:a6:3c:e8, -72
409265465196, 2, tudelft-dastud, 1c:aa:07:7b:37:02, -74
409265465196, 2, sape, 20:c9:d0:18:43:f3, -85
409265465196, 2, autosound, 80:ea:96:eb:1e:fd, -70
409265465196, 2, eduroam, 1c:aa:07:7b:39:10, -62
409265465196, 2, tudelft-dastud, 1c:aa:07:7b:39:12, -64
409265465196, 2, TRIBLER, e0:3f:49:09:d9:9c, -76
409265465196, 2, SANDER, 1c:af:f7:18:0e:4a, -84
409265465196, 2, tudelft-dastud, 1c:aa:07:7b:39:1d, -76
409265465196, 2, tudelft-dastud, 1c:aa:07:b0:7a:b2, -70
409265465196, 2, Cindy, e4:d3:32:75:5c:ae, -89
409265465196, 2, Its_a_TRAP, 8c:21:0a:9a:98:f8, -90
409265465196, 2, TUvisitor, 1c:aa:07:7b:37:01, -74
409265465196, 2, eduroam, 1c:aa:07:7b:39:1f, -75
409265465196, 2, tudelft-dastud, 24:01:c7:76:2a:32, -71
409265465196, 2, TUvisitor, 1c:aa:07:6e:31:ae, -64
409265465196, 2, eduroam, 1c:aa:07:7b:37:00, -75
420368440410, 2, hotspot_mike, 60:36:dd:cb:c1:4f, -41
420368440410, 2, autosound, 80:ea:96:eb:1e:fc, -50
420368440410, 2, SLDE-™-2, 5c:96:9d:65:76:8d, -69
420368440410, 2, SLDE-™-2 5GHz, 5c:96:9d:65:76:8e, -81
420368440410, 2, TRIBLER, e0:3f:49:09:d9:98, -72
420368440410, 2, TUvisitor, 1c:aa:07:7b:39:11, -67
420368440410, 2, TUvisitor, 24:01:c7:76:2a:31, -72
420368440410, 2, NaoNet3, 00:0c:f6:a6:3c:e8, -71
420368440410, 2, tudelft-dastud, 1c:aa:07:7b:37:02, -75
420368440410, 2, autosound, 80:ea:96:eb:1e:fd, -70
420368440410, 2, eduroam, 1c:aa:07:7b:39:10, -65
420368440410, 2, tudelft-dastud, 1c:aa:07:7b:39:12, -66
420368440410, 2, TRIBLER, e0:3f:49:09:d9:9c, -81
420368440410, 2, tudelft-dastud, 1c:aa:07:7b:39:1d, -76
420368440410, 2, tudelft-dastud, 1c:aa:07:b0:7a:b2, -59
420368440410, 2, TUvisitor, 1c:aa:07:7b:37:01, -74
420368440410, 2, eduroam, 1c:aa:07:7b:39:1f, -75
420368440410, 2, TUvisitor, 1c:aa:07:6e:31:ae, -72
420368440410, 2, eduroam, 1c:aa:07:7b:37:00, -73
420368440410, 2, eduroam, 1c:aa:07:b0:7a:b0, -59
420368440410, 2, RFID-AP, 00:22:f7:21:d0:38, -84
420368440410, 2, TUvisitor, 1c:aa:07:b0:7a:b1, -59
432358141291, 2, hotspot_mike, 60:36:dd:cb:c1:4f, -44
432358141291, 2, autosound, 80:ea:96:eb:1e:fc, -53
432358141291, 2, SLDE-™-2, 5c:96:9d:65:76:8d, -67
432358141291, 2, SLDE-™-2 5GHz, 5c:96:9d:65:76:8e, -78
432358141291, 2, TRIBLER, e0:3f:49:09:d9:98, -67
432358141291, 2, TUvisitor, 1c:aa:07:7b:39:11, -59
432358141291, 2, TUvisitor, 24:01:c7:76:2a:31, -72
432358141291, 2, NaoNet3, 00:0c:f6:a6:3c:e8, -71
432358141291, 2, tudelft-dastud, 1c:aa:07:7b:37:02, -75
432358141291, 2, autosound, 80:ea:96:eb:1e:fd, -70
432358141291, 2, eduroam, 1c:aa:07:7b:39:10, -59
432358141291, 2, tudelft-dastud, 1c:aa:07:7b:39:12, -57
432358141291, 2, TRIBLER, e0:3f:49:09:d9:9c, -79
432358141291, 2, tudelft-dastud, 1c:aa:07:7b:39:1d, -76
432358141291, 2, tudelft-dastud, 1c:aa:07:b0:7a:b2, -67
432358141291, 2, TUvisitor, 1c:aa:07:6e:31:ae, -72
432358141291, 2, eduroam, 1c:aa:07:7b:37:00, -73
432358141291, 2, eduroam, 1c:aa:07:b0:7a:b0, -59
432358141291, 2, RFID-AP, 00:22:f7:21:d0:38, -84
432358141291, 2, TUvisitor, 1c:aa:07:b0:7a:b1, -59
432358141291, 2, tudelft-dastud, 1c:aa:07:6e:31:ad, -68
432358141291, 2, eduroam, 1c:aa:07:6e:31:af, -70
432358141291, 2, mfold-dlink, 00:26:5a:a9:99:46, -82
432358141291, 2, TUvisitor, 1c:aa:07:7b:39:1e, -76
432358141291, 2, TUvisitor, 1c:aa:07:b0:7a:be, -83
432358141291, 2, ICIDU, 6c:fd:b9:4b:ea:3c, -88
449369370674, 2, hotspot_mike, 60:36:dd:cb:c1:4f, -40
449369370674, 2, autosound, 80:ea:96:eb:1e:fc, -58
449369370674, 2, SLDE-™-2, 5c:96:9d:65:76:8d, -83
449369370674, 2, SLDE-™-2 5GHz, 5c:96:9d:65:76:8e, -76
449369370674, 2, TRIBLER, e0:3f:49:09:d9:98, -66
449369370674, 2, TUvisitor, 1c:aa:07:7b:39:11, -59
449369370674, 2, TUvisitor, 24:01:c7:76:2a:31, -79
449369370674, 2, NaoNet3, 00:0c:f6:a6:3c:e8, -75
449369370674, 2, tudelft-dastud, 1c:aa:07:7b:37:02, -78
449369370674, 2, autosound, 80:ea:96:eb:1e:fd, -69
449369370674, 2, eduroam, 1c:aa:07:7b:39:10, -60
449369370674, 2, tudelft-dastud, 1c:aa:07:7b:39:12, -60
449369370674, 2, TRIBLER, e0:3f:49:09:d9:9c, -79
449369370674, 2, tudelft-dastud, 1c:aa:07:7b:39:1d, -76
449369370674, 2, tudelft-dastud, 1c:aa:07:b0:7a:b2, -65
449369370674, 2, TUvisitor, 1c:aa:07:6e:31:ae, -74
449369370674, 2, eduroam, 1c:aa:07:b0:7a:b0, -64
449369370674, 2, tudelft-dastud, 1c:aa:07:6e:31:ad, -68
449369370674, 2, eduroam, 1c:aa:07:6e:31:af, -70
449369370674, 2, mfold-dlink, 00:26:5a:a9:99:46, -82
449369370674, 2, TUvisitor, 1c:aa:07:7b:39:1e, -76
449369370674, 2, TUvisitor, 1c:aa:07:b0:7a:be, -83
449369370674, 2, ICIDU, 6c:fd:b9:4b:ea:3c, -88
449369370674, 2, eduroam, 1c:aa:07:7b:39:1f, -80
449369370674, 2, eduroam, 1c:aa:07:b0:7a:bf, -83
449369370674, 2, eduroam, 1c:aa:07:b0:80:c0, -84
449369370674, 2, sape, 20:c9:d0:18:43:f3, -84
449369370674, 2, Router_Joost, 48:f8:b3:40:f1:a9, -88
449369370674, 2, C150BRS4, 00:22:f7:20:a1:98, -89
